[{"line":1,"elements":[{"line":3,"name":"","description":"","type":"background","keyword":"Background","steps":[{"name":"url baseurl +'\/secinfo\/api\/v1\/articles\/opensource\/Java'","result":{"duration":1120200,"status":"passed"},"match":{"location":"karate","arguments":[]},"keyword":"Given","line":4,"doc_string":{"content_type":"","value":"19:57:31.485 karate.env system property was: IPAddress \n","line":4}}]},{"line":7,"name":"Positive:To Get details of Open Source Issue Type article based on the component name and  parameters","description":"","id":"positive-to-get-details-of-open-source-issue-type-article-based-on-the-component-name-and--parameters","type":"scenario","keyword":"Scenario","steps":[{"name":"def query = {current_version :'1.8', fixed_version :'1.9', hidetitle :'true', nl :'en'}","result":{"duration":438400,"status":"passed"},"match":{"location":"karate","arguments":[]},"keyword":"*","line":8},{"name":"params query","result":{"duration":178300,"status":"passed"},"match":{"location":"karate","arguments":[]},"keyword":"Given","line":9},{"name":"method get","result":{"duration":26574300,"status":"passed"},"match":{"location":"karate","arguments":[]},"keyword":"When","line":10,"doc_string":{"content_type":"","value":"19:57:31.501 request:\n1 > GET http:\/\/localhost:8081\/\/secinfo\/api\/v1\/articles\/opensource\/Java?fixed_version=1.9&hidetitle=true&current_version=1.8&nl=en\n1 > Host: localhost:8081\n1 > Connection: Keep-Alive\n1 > User-Agent: Apache-HttpClient\/4.5.13 (Java\/11.0.14.1)\n1 > Accept-Encoding: gzip,deflate\n\n\n19:57:31.517 response time in milliseconds: 0\n1 < 200\n1 < Content-Type: application\/json\n1 < Transfer-Encoding: chunked\n1 < Date: Wed, 28 Sep 2022 14:27:30 GMT\n1 < Keep-Alive: timeout=60\n1 < Connection: keep-alive\n1 < Set-Cookie: org.springframework.web.servlet.i18n.CookieLocaleResolver.LOCALE=en; Domain=localhost\n{\"appscanId\":\"OpenSource\",\"displayName\":\"Vulnerable Open Source Component\",\"cwe\":829,\"cause\":[\"A vulnerable version of third party software component is installed in the tested application.\"],\"risk\":[\"A vulnerable third party software component may introduce all manner of vulnerabilities into the application\"],\"recommendations\":[\"Upgrade to the latest version of the third party software component. We highly recommend contacting the vendor of this product to see if a patch or fix has recently been made available.\"],\"externalReferences\":[{\"title\":\"CERT coordination center\",\"url\":\"http:\/\/www.cert.org\",\"linkType\":\"external\"},{\"title\":\"Common Vulnerabilities and Exposures (CVE)\",\"url\":\"https:\/\/www.cve.org\",\"linkType\":\"external\"}],\"component\":\"Java\",\"current_version\":\"1.8\",\"fixed_version\":\"1.9\"}\n","line":10}},{"name":"status 200","result":{"duration":12500,"status":"passed"},"match":{"location":"karate","arguments":[]},"keyword":"Then","line":11},{"name":"def actualresponse = read(\"Data\/OpenSource.json\")","result":{"duration":3432400,"status":"passed"},"match":{"location":"karate","arguments":[]},"keyword":"*","line":12},{"name":"match response deep contains actualresponse","result":{"duration":468600,"status":"passed"},"match":{"location":"karate","arguments":[]},"keyword":"And","line":13},{"name":"match header Connection == 'keep-alive'","result":{"duration":890200,"status":"passed"},"match":{"location":"karate","arguments":[]},"keyword":"And","line":14}],"tags":[{"name":"@SmokeTest","line":6}]}],"name":"ArticleController\/GetArticlesOpenSource.feature","description":"Get an article for Open Source Issue Type","id":"get-an-article-for-open-source-issue-type","keyword":"Feature","uri":"ArticleController\/GetArticlesOpenSource.feature"}]