[{"line":1,"elements":[{"line":3,"name":"","description":"","type":"background","keyword":"Background","steps":[{"name":"url baseurl + '\/secinfo\/api\/v1\/articles\/issuetypes\/CrossSiteScripting'","result":{"duration":544100,"status":"passed"},"match":{"location":"karate","arguments":[]},"keyword":"Given","line":4,"doc_string":{"content_type":"","value":"19:57:30.702 karate.env system property was: IPAddress \n","line":4}}]},{"line":7,"name":"Get an article by issuetype id","description":"","id":"get-an-article-by-issuetype-id","type":"scenario","keyword":"Scenario","steps":[{"name":"def query = {language:'Java'}","result":{"duration":338200,"status":"passed"},"match":{"location":"karate","arguments":[]},"keyword":"*","line":8},{"name":"params query","result":{"duration":671900,"status":"passed"},"match":{"location":"karate","arguments":[]},"keyword":"Given","line":9},{"name":"method get","result":{"duration":62560300,"status":"passed"},"match":{"location":"karate","arguments":[]},"keyword":"When","line":10,"doc_string":{"content_type":"","value":"19:57:30.718 request:\n1 > GET http:\/\/localhost:8081\/\/secinfo\/api\/v1\/articles\/issuetypes\/CrossSiteScripting?language=Java\n1 > Host: localhost:8081\n1 > Connection: Keep-Alive\n1 > User-Agent: Apache-HttpClient\/4.5.13 (Java\/11.0.14.1)\n1 > Accept-Encoding: gzip,deflate\n\n\n19:57:30.767 response time in milliseconds: 49\n1 < 200\n1 < Content-Type: application\/json\n1 < Transfer-Encoding: chunked\n1 < Date: Wed, 28 Sep 2022 14:27:30 GMT\n1 < Keep-Alive: timeout=60\n1 < Connection: keep-alive\n{\"appscanId\":\"CrossSiteScripting\",\"languageSpec\":\"Java\",\"displayName\":\"Cross-Site Scripting\",\"cwe\":79,\"cause\":[\"Cross-site scripting (XSS) vulnerabilities arise when an attacker sends malicious code to the victim's browser, mostly using JavaScript. A vulnerable web application might embed untrusted data in the output, without filtering or encoding it. In this way, an attacker can inject a malicious script to the application, and the script will be returned in the response. This will then run on the victim's browser.\",\"In particular, sanitization of hazardous characters was not performed correctly on user input or untrusted data.\"],\"risk\":[\"XSS attacks can expose the user's session cookie, allowing the attacker to hijack the user's session and gain access to the user's account, which could lead to impersonation of users.\",\"An attacker could modify and view the users' records and perform transactions as those users. The attacker may be able to perform privileged operations on behalf of the user, or gain access to any sensitive data belonging to the user. This would be especially dangerous if the user has administrator permissions.\",\"The attacker could even run a malicious script on the victim's browser which would redirect the user to other pages or sites, modify content presentation, or even make it possible to run malicious software or a crypto miner.\"],\"exploitSamples\":[{\"title\":\"The following example shows a script that returns a parameter value in the response.\",\"exploitBlock\":[{\"explanation\":\"The parameter value is sent to the script using a GET request, and then returned in the response embedded in the HTML.\",\"request\":[\"GET \/index.aspx?name=JSmith HTTP\/1.1\"],\"response\":[\"HTTP\/1.1 200 OK\",\"Server: SomeServer\",\"Date: Sun, 01 Jan 2002 00:31:19 GMT\",\"Content-Type: text\/html\",\"Accept-Ranges: bytes\",\"Content-Length: 27\",\"\",\"<HTML>\",\"Hello JSmith\",\"<\/HTML>\"]},{\"explanation\":\"An attacker might leverage the attack like this. In this case, the JavaScript code will be executed by the browser.\",\"request\":[\"GET \/index.aspx?name=>\\\"'><script>alert('XSS')<\/script> HTTP\/1.1\"],\"response\":[\"HTTP\/1.1 200 OK\",\"Server: SomeServer\",\"Date: Sun, 01 Jan 2002 00:31:19 GMT\",\"Content-Type: text\/html\",\"Accept-Ranges: bytes\",\"Content-Length: 83\",\"\",\"<HTML>\",\"Hello >\\\"'><script>alert('XSS')<\/script>\",\"<\/HTML>\"]}]}],\"codeSamples\":[{\"type\":\"bad\",\"title\":\"Untrusted input is returned in the response\",\"codeBlock\":[\"protected void doGet(HttpServletRequest req, HttpServletResponse resp) throws IOException {\",\"   String userName = request.getParameter(\\\"user_name\\\");\",\"   response.getWriter().writer(\\\"Hello \\\" + username);\",\"}\"]},{\"type\":\"good\",\"title\":\"Input sanitization using org.owasp.html.Sanitizers and HTML encode\",\"codeBlock\":[\"protected void doGet(HttpServletRequest req, HttpServletResponse resp) throws IOException {\",\"   String userName = request.getParameter(\\\"user_name\\\");\",\"   Assert.assertTrue(Pattern.matches(\\\"[a-zA-Z0-9\\\\s\\\\-]{1,15}\\\", userName));\",\"   PolicyFactory policy = Sanitizers.FORMATTING.and(Sanitizers.LINKS);\",\"   String safeOutput = policy.sanitize(userName);\",\"   safeOutput = Encode.forHtml(safeOutput);\",\"   response.getWriter().writer(\\\"Hello \\\" + safeOutput);\",\"}\"]}],\"recommendations\":[\"Consider using either the ESAPI encoding library, the OWASP Encoder, or other standard library or built-in platform functions.\",\"Struts-based applications can use Struts' `bean:write` tag, which automatically filters output of dangerous characters by default.\",\"Consider using the Struts Jakarta validation framework or JSF Validators for implementing data validation.\",\"Fully encode all dynamic data from an untrusted source that is inserted into the webpage, to ensure it is treated as literal text and not as a script that could be executed or markup that could be rendered.\",\"Consider the context in which your data will be used, and contextually encode the data as close as possible to the actual output: e.g. HTML encoding for HTML content; HTML Attribute encoding for data output to attribute values; JavaScript encoding for dynamically generated JavaScript. For example, when HTML encoding non-alphanumeric characters into HTML entities, `<` and `>` would become `&lt;` and `&gt;`.\",\"As an extra defensive measure, validate all external input on the server, regardless of source. Carefully check each input parameter against a rigorous positive specification (allowlist) defining data type; size; range; format; and acceptable values. Regular expressions or framework controls may be useful in some cases, though this is not a replacement for output encoding.\",\"Output encoding and data validation must be done on all untrusted data, wherever it comes from: e.g. form fields, URL parameters, web service arguments, cookies, any data from the network, environment variables, reverse DNS lookups, query results, request headers, URL components, e-mail, files and filenames, databases, and any external systems that provide data to the application. Remember that such inputs may be obtained indirectly through API calls.\",\"For every web page that is returned by the server, explicitly set the `Content-Type` HTTP response header. This header value should define a specific character encoding (charset), such as `ISO-8859-1` or `UTF-8`. When an encoding is not specified, the web browser may choose a different encoding by guessing which encoding is actually being used by the web page, which would allow a potential attacker to bypass XSS protections.\",\"Additionally, set the `httpOnly` flag on the session cookie, to prevent any XSS exploits from stealing a user's cookie.\",\"Prefer using a framework or standard library that prevents this vulnerability by automatically encoding all dynamic output based on context, or at least that provides constructs that make it easier to avoid.\",\"For every web page that is returned by the server, explicitly set the `Content-Security-Policy` HTTP response header, In order to make it significantly more difficult for the attacker to actually exploit the XSS attack.\"],\"linkedArticles\":[{\"title\":\"Validation and Encoding\",\"url\":\"Validation.EncodingRequired\",\"linkType\":\"internal\"}],\"externalReferences\":[{\"title\":\"Cross-site Scripting (XSS)\",\"url\":\"https:\/\/owasp.org\/www-community\/attacks\/xss\/\",\"linkType\":\"external\"},{\"title\":\"OWASP XSS Cheat Sheet\",\"url\":\"https:\/\/cheatsheetseries.owasp.org\/cheatsheets\/Cross_Site_Scripting_Prevention_Cheat_Sheet.html\",\"linkType\":\"external\"}],\"availableApis\":{\"506554d1\":\"JSP JspWriter\",\"1f41b9d4\":\"Exception StackTrace Handling - CrossSiteScripting\"},\"availableLanguages\":{\"Golang\":\"Golang\",\"Java\":\"Java\",\"Xamarin\":\"Xamarin\",\"ColdFusion\":\"ColdFusion\",\"Scala\":\"Scala\",\"Groovy\":\"Groovy\",\"React\":\"ReactJS\",\"Angular\":\"Angular\",\"NodeJS\":\"NodeJS\",\"javascript\":\"JavaScript\",\"DotNet\":\".NET\",\"Kotlin\":\"Kotlin\",\"ruby\":\"Ruby\",\"cobol\":\"Cobol\",\"Objective-C\":\"Objective-C\",\"PHP\":\"PHP\",\"Ionic\":\"Ionic\",\"Swift\":\"Swift\",\"React Native\":\"React-Native\",\"Apex\":\"Apex\",\"VueJS\":\"VueJS\",\"Asp\":\"ASP\",\"Python\":\"Python\",\"Dart\":\"Dart\"}}\n","line":10}},{"name":"status 200","result":{"duration":12500,"status":"passed"},"match":{"location":"karate","arguments":[]},"keyword":"Then","line":11},{"name":"def actualresponse = read(\"Data\/Java.json\")","result":{"duration":9038400,"status":"passed"},"match":{"location":"karate","arguments":[]},"keyword":"*","line":12},{"name":"print \"File==>\", actualresponse","result":{"duration":6771200,"status":"passed"},"match":{"location":"karate","arguments":[]},"keyword":"And","line":13,"doc_string":{"content_type":"","value":"19:57:30.782 [print] File==> {\n  \"appscanId\": \"CrossSiteScripting\",\n  \"languageSpec\": \"Java\",\n  \"displayName\": \"Cross-Site Scripting\",\n  \"cwe\": 79,\n  \"cause\": [\n    \"Cross-site scripting (XSS) vulnerabilities arise when an attacker sends malicious code to the victim's browser, mostly using JavaScript. A vulnerable web application might embed untrusted data in the output, without filtering or encoding it. In this way, an attacker can inject a malicious script to the application, and the script will be returned in the response. This will then run on the victim's browser.\",\n    \"In particular, sanitization of hazardous characters was not performed correctly on user input or untrusted data.\"\n  ],\n  \"risk\": [\n    \"XSS attacks can expose the user's session cookie, allowing the attacker to hijack the user's session and gain access to the user's account, which could lead to impersonation of users.\",\n    \"An attacker could modify and view the users' records and perform transactions as those users. The attacker may be able to perform privileged operations on behalf of the user, or gain access to any sensitive data belonging to the user. This would be especially dangerous if the user has administrator permissions.\",\n    \"The attacker could even run a malicious script on the victim's browser which would redirect the user to other pages or sites, modify content presentation, or even make it possible to run malicious software or a crypto miner.\"\n  ],\n  \"exploitSamples\": [\n    {\n      \"title\": \"The following example shows a script that returns a parameter value in the response.\",\n      \"exploitBlock\": [\n        {\n          \"explanation\": \"The parameter value is sent to the script using a GET request, and then returned in the response embedded in the HTML.\",\n          \"request\": [\n            \"GET \/index.aspx?name=JSmith HTTP\/1.1\"\n          ],\n          \"response\": [\n            \"HTTP\/1.1 200 OK\",\n            \"Server: SomeServer\",\n            \"Date: Sun, 01 Jan 2002 00:31:19 GMT\",\n            \"Content-Type: text\/html\",\n            \"Accept-Ranges: bytes\",\n            \"Content-Length: 27\",\n            \"\",\n            \"<HTML>\",\n            \"Hello JSmith\",\n            \"<\/HTML>\"\n          ]\n        },\n        {\n          \"explanation\": \"An attacker might leverage the attack like this. In this case, the JavaScript code will be executed by the browser.\",\n          \"request\": [\n            \"GET \/index.aspx?name=>\\\"'><script>alert('XSS')<\/script> HTTP\/1.1\"\n          ],\n          \"response\": [\n            \"HTTP\/1.1 200 OK\",\n            \"Server: SomeServer\",\n            \"Date: Sun, 01 Jan 2002 00:31:19 GMT\",\n            \"Content-Type: text\/html\",\n            \"Accept-Ranges: bytes\",\n            \"Content-Length: 83\",\n            \"\",\n            \"<HTML>\",\n            \"Hello >\\\"'><script>alert('XSS')<\/script>\",\n            \"<\/HTML>\"\n          ]\n        }\n      ]\n    }\n  ],\n  \"codeSamples\": [\n    {\n      \"type\": \"bad\",\n      \"title\": \"Untrusted input is returned in the response\",\n      \"codeBlock\": [\n        \"protected void doGet(HttpServletRequest req, HttpServletResponse resp) throws IOException {\",\n        \"   String userName = request.getParameter(\\\"user_name\\\");\",\n        \"   response.getWriter().writer(\\\"Hello \\\" + username);\",\n        \"}\"\n      ]\n    },\n    {\n      \"type\": \"good\",\n      \"title\": \"Input sanitization using org.owasp.html.Sanitizers and HTML encode\",\n      \"codeBlock\": [\n        \"protected void doGet(HttpServletRequest req, HttpServletResponse resp) throws IOException {\",\n        \"   String userName = request.getParameter(\\\"user_name\\\");\",\n        \"   Assert.assertTrue(Pattern.matches(\\\"[a-zA-Z0-9\\\\s\\\\-]{1,15}\\\", userName));\",\n        \"   PolicyFactory policy = Sanitizers.FORMATTING.and(Sanitizers.LINKS);\",\n        \"   String safeOutput = policy.sanitize(userName);\",\n        \"   safeOutput = Encode.forHtml(safeOutput);\",\n        \"   response.getWriter().writer(\\\"Hello \\\" + safeOutput);\",\n        \"}\"\n      ]\n    }\n  ],\n  \"recommendations\": [\n    \"Consider using either the ESAPI encoding library, the OWASP Encoder, or other standard library or built-in platform functions.\",\n    \"Struts-based applications can use Struts' `bean:write` tag, which automatically filters output of dangerous characters by default.\",\n    \"Consider using the Struts Jakarta validation framework or JSF Validators for implementing data validation.\",\n    \"Fully encode all dynamic data from an untrusted source that is inserted into the webpage, to ensure it is treated as literal text and not as a script that could be executed or markup that could be rendered.\",\n    \"Consider the context in which your data will be used, and contextually encode the data as close as possible to the actual output: e.g. HTML encoding for HTML content; HTML Attribute encoding for data output to attribute values; JavaScript encoding for dynamically generated JavaScript. For example, when HTML encoding non-alphanumeric characters into HTML entities, `<` and `>` would become `&lt;` and `&gt;`.\",\n    \"As an extra defensive measure, validate all external input on the server, regardless of source. Carefully check each input parameter against a rigorous positive specification (allowlist) defining data type; size; range; format; and acceptable values. Regular expressions or framework controls may be useful in some cases, though this is not a replacement for output encoding.\",\n    \"Output encoding and data validation must be done on all untrusted data, wherever it comes from: e.g. form fields, URL parameters, web service arguments, cookies, any data from the network, environment variables, reverse DNS lookups, query results, request headers, URL components, e-mail, files and filenames, databases, and any external systems that provide data to the application. Remember that such inputs may be obtained indirectly through API calls.\",\n    \"For every web page that is returned by the server, explicitly set the `Content-Type` HTTP response header. This header value should define a specific character encoding (charset), such as `ISO-8859-1` or `UTF-8`. When an encoding is not specified, the web browser may choose a different encoding by guessing which encoding is actually being used by the web page, which would allow a potential attacker to bypass XSS protections.\",\n    \"Additionally, set the `httpOnly` flag on the session cookie, to prevent any XSS exploits from stealing a user's cookie.\",\n    \"Prefer using a framework or standard library that prevents this vulnerability by automatically encoding all dynamic output based on context, or at least that provides constructs that make it easier to avoid.\",\n    \"For every web page that is returned by the server, explicitly set the `Content-Security-Policy` HTTP response header, In order to make it significantly more difficult for the attacker to actually exploit the XSS attack.\"\n  ],\n  \"linkedArticles\": [\n    {\n      \"title\": \"Validation and Encoding\",\n      \"url\": \"Validation.EncodingRequired\",\n      \"linkType\": \"internal\"\n    }\n  ],\n  \"externalReferences\": [\n    {\n      \"title\": \"Cross-site Scripting (XSS)\",\n      \"url\": \"https:\/\/owasp.org\/www-community\/attacks\/xss\/\",\n      \"linkType\": \"external\"\n    },\n    {\n      \"title\": \"OWASP XSS Cheat Sheet\",\n      \"url\": \"https:\/\/cheatsheetseries.owasp.org\/cheatsheets\/Cross_Site_Scripting_Prevention_Cheat_Sheet.html\",\n      \"linkType\": \"external\"\n    }\n  ],\n  \"availableApis\": {\n    \"506554d1\": \"JSP JspWriter\",\n    \"1f41b9d4\": \"Exception StackTrace Handling - CrossSiteScripting\"\n  },\n  \"availableLanguages\": {\n    \"Golang\": \"Golang\",\n    \"Java\": \"Java\",\n    \"Xamarin\": \"Xamarin\",\n    \"ColdFusion\": \"ColdFusion\",\n    \"Scala\": \"Scala\",\n    \"Groovy\": \"Groovy\",\n    \"React\": \"ReactJS\",\n    \"Angular\": \"Angular\",\n    \"javascript\": \"JavaScript\",\n    \"NodeJS\": \"NodeJS\",\n    \"DotNet\": \".NET\",\n    \"ruby\": \"Ruby\",\n    \"cobol\": \"Cobol\",\n    \"Objective-C\": \"Objective-C\",\n    \"PHP\": \"PHP\",\n    \"Ionic\": \"Ionic\",\n    \"Swift\": \"Swift\",\n    \"React Native\": \"React-Native\",\n    \"Apex\": \"Apex\",\n    \"VueJS\": \"VueJS\",\n    \"Asp\": \"ASP\",\n    \"Dart\": \"Dart\",\n    \"Python\": \"Python\"\n  }\n}\n \n","line":13}},{"name":"match response contains deep actualresponse","result":{"duration":2742400,"status":"passed"},"match":{"location":"karate","arguments":[]},"keyword":"And","line":14},{"name":"match response.languageSpec =='Java'","result":{"duration":2243900,"status":"passed"},"match":{"location":"karate","arguments":[]},"keyword":"And","line":15},{"name":"print response.languageSpec","result":{"duration":1451800,"status":"passed"},"match":{"location":"karate","arguments":[]},"keyword":"And","line":16,"doc_string":{"content_type":"","value":"19:57:30.798 [print] Java \n","line":16}}],"tags":[{"name":"@SmokeTest","line":6}]},{"line":3,"name":"","description":"","type":"background","keyword":"Background","steps":[{"name":"url baseurl + '\/secinfo\/api\/v1\/articles\/issuetypes\/CrossSiteScripting'","result":{"duration":843400,"status":"passed"},"match":{"location":"karate","arguments":[]},"keyword":"Given","line":4,"doc_string":{"content_type":"","value":"19:57:30.798 karate.env system property was: IPAddress \n","line":4}}]},{"line":20,"name":"Get an article by issuetype id","description":"","id":"get-an-article-by-issuetype-id","type":"scenario","keyword":"Scenario","steps":[{"name":"def query = {language :'Java',api:'JSP JspWriter'}","result":{"duration":429600,"status":"passed"},"match":{"location":"karate","arguments":[]},"keyword":"*","line":21},{"name":"params query","result":{"duration":185200,"status":"passed"},"match":{"location":"karate","arguments":[]},"keyword":"Given","line":22},{"name":"method get","result":{"duration":48880600,"status":"passed"},"match":{"location":"karate","arguments":[]},"keyword":"When","line":23,"doc_string":{"content_type":"","value":"19:57:30.814 request:\n1 > GET http:\/\/localhost:8081\/\/secinfo\/api\/v1\/articles\/issuetypes\/CrossSiteScripting?language=Java&api=JSP+JspWriter\n1 > Host: localhost:8081\n1 > Connection: Keep-Alive\n1 > User-Agent: Apache-HttpClient\/4.5.13 (Java\/11.0.14.1)\n1 > Accept-Encoding: gzip,deflate\n\n\n19:57:30.860 response time in milliseconds: 46\n1 < 200\n1 < Content-Type: application\/json\n1 < Transfer-Encoding: chunked\n1 < Date: Wed, 28 Sep 2022 14:27:30 GMT\n1 < Keep-Alive: timeout=60\n1 < Connection: keep-alive\n{\"appscanId\":\"CrossSiteScripting\",\"languageSpec\":\"Java\",\"displayName\":\"JSP JspWriter\",\"apiName\":\"JSP JspWriter\",\"apis\":[{\"name\":\"javax.servlet.jsp.JspWriter.println\",\"signature\":\"javax.servlet.jsp.JspWriter.println(java.lang.String):void\"},{\"name\":\"javax.servlet.jsp.JspWriter.print\",\"signature\":\"javax.servlet.jsp.JspWriter.print(java.lang.String):void\"}],\"cause\":[\"The javax.servlet.jsp.JspWriter class writes HTML pages to a user's browser. This class is generally not used directly in a normal Java file. Instead, it is primarily found in the Java files precompiled from JSP pages on a JSP server.\",\"These JspWriter APIs write a string to the HTML page. If the string is a static string or comes from trusted sources, this is not a problem. However, if the string comes from user input or other untrusted sources, an attacker can introduce malicious scripts, such as JavaScripts, into the output HTML page. When viewed, these scripts will be interpreted by a scripting-enabled web browser and run with the viewing user's security context for communicating with the originating web site, resulting in XSS attacks.\"],\"codeSamples\":[{\"type\":\"bad\",\"title\":\"Printing the user provided name in the resulting welcome page\",\"codeBlock\":[\"<html> Welcome\",\"<%= request.getParameter(\\\"name\\\")%>\",\"<\/html>\"]},{\"type\":\"bad\",\"title\":\"The welcome.jsp page will be converted to the following Java file on the JSP server.\",\"codeBlock\":[\"class welcome_jsp implements javax.servlet.Servlet, javax.servlet.jsp.HttpJspPage {\",\"     public void _jspService( javax.servlet.http.HttpServletRequest request, javax.servlet.http.HttpServletResponse response )\",\"       throws javax.servlet.ServletException, java.io.IOException\",\"     {\",\"         PageContext pageContext = ...;\/\/get the page context for this request\",\"         javax.servlet.jsp.JspWriter out = pageContext.getOut();\",\"         String name = request.getParameter( \\\"name\\\" );\",\"         out.println(\\\"<html> Welcome\\\");\",\"         \/\/Write the name without validation, potential XSS\",\"         out.println( name );\",\"         out.println(\\\"<\/html>\\\");\",\"    }\",\"}\"]},{\"type\":\"good\",\"title\":\"Encode all untrusted data\",\"codeBlock\":[\"<html>\",\"<%\",\"      name = request.getParameter(\\\"name\\\");\",\"      if ( Validator.validate(name) )\",\"      {\",\"%>\",\"Welcome <%= HTMLEntityEncoder.encode(name) %>\",\"<%\",\"       }\",\"%> \",\"<\/html>\"]}],\"externalReferences\":[{\"title\":\"Cross-site Scripting (XSS)\",\"url\":\"https:\/\/owasp.org\/www-community\/attacks\/xss\/\",\"linkType\":\"external\"},{\"title\":\"OWASP XSS Cheat Sheet\",\"url\":\"https:\/\/cheatsheetseries.owasp.org\/cheatsheets\/Cross_Site_Scripting_Prevention_Cheat_Sheet.html\",\"linkType\":\"external\"}],\"availableApis\":{\"506554d1\":\"JSP JspWriter\",\"1f41b9d4\":\"Exception StackTrace Handling - CrossSiteScripting\"}}\n","line":23}},{"name":"status 200","result":{"duration":12700,"status":"passed"},"match":{"location":"karate","arguments":[]},"keyword":"Then","line":24},{"name":"def actualresponse = read(\"Data\/JspWritter.json\")","result":{"duration":3155800,"status":"passed"},"match":{"location":"karate","arguments":[]},"keyword":"*","line":25},{"name":"print \"File==>\", actualresponse","result":{"duration":961800,"status":"passed"},"match":{"location":"karate","arguments":[]},"keyword":"And","line":26,"doc_string":{"content_type":"","value":"19:57:30.860 [print] File==> {\n  \"appscanId\": \"CrossSiteScripting\",\n  \"languageSpec\": \"Java\",\n  \"displayName\": \"JSP JspWriter\",\n  \"apiName\": \"JSP JspWriter\",\n  \"apis\": [\n    {\n      \"name\": \"javax.servlet.jsp.JspWriter.println\",\n      \"signature\": \"javax.servlet.jsp.JspWriter.println(java.lang.String):void\"\n    },\n    {\n      \"name\": \"javax.servlet.jsp.JspWriter.print\",\n      \"signature\": \"javax.servlet.jsp.JspWriter.print(java.lang.String):void\"\n    }\n  ],\n  \"cause\": [\n    \"The javax.servlet.jsp.JspWriter class writes HTML pages to a user's browser. This class is generally not used directly in a normal Java file. Instead, it is primarily found in the Java files precompiled from JSP pages on a JSP server.\",\n    \"These JspWriter APIs write a string to the HTML page. If the string is a static string or comes from trusted sources, this is not a problem. However, if the string comes from user input or other untrusted sources, an attacker can introduce malicious scripts, such as JavaScripts, into the output HTML page. When viewed, these scripts will be interpreted by a scripting-enabled web browser and run with the viewing user's security context for communicating with the originating web site, resulting in XSS attacks.\"\n  ],\n  \"codeSamples\": [\n    {\n      \"type\": \"bad\",\n      \"title\": \"Printing the user provided name in the resulting welcome page\",\n      \"codeBlock\": [\n        \"<html> Welcome\",\n        \"<%= request.getParameter(\\\"name\\\")%>\",\n        \"<\/html>\"\n      ]\n    },\n    {\n      \"type\": \"bad\",\n      \"title\": \"The welcome.jsp page will be converted to the following Java file on the JSP server.\",\n      \"codeBlock\": [\n        \"class welcome_jsp implements javax.servlet.Servlet, javax.servlet.jsp.HttpJspPage {\",\n        \"     public void _jspService( javax.servlet.http.HttpServletRequest request, javax.servlet.http.HttpServletResponse response )\",\n        \"       throws javax.servlet.ServletException, java.io.IOException\",\n        \"     {\",\n        \"         PageContext pageContext = ...;\/\/get the page context for this request\",\n        \"         javax.servlet.jsp.JspWriter out = pageContext.getOut();\",\n        \"         String name = request.getParameter( \\\"name\\\" );\",\n        \"         out.println(\\\"<html> Welcome\\\");\",\n        \"         \/\/Write the name without validation, potential XSS\",\n        \"         out.println( name );\",\n        \"         out.println(\\\"<\/html>\\\");\",\n        \"    }\",\n        \"}\"\n      ]\n    },\n    {\n      \"type\": \"good\",\n      \"title\": \"Encode all untrusted data\",\n      \"codeBlock\": [\n        \"<html>\",\n        \"<%\",\n        \"      name = request.getParameter(\\\"name\\\");\",\n        \"      if ( Validator.validate(name) )\",\n        \"      {\",\n        \"%>\",\n        \"Welcome <%= HTMLEntityEncoder.encode(name) %>\",\n        \"<%\",\n        \"       }\",\n        \"%> \",\n        \"<\/html>\"\n      ]\n    }\n  ],\n  \"externalReferences\": [\n    {\n      \"title\": \"Cross-site Scripting (XSS)\",\n      \"url\": \"https:\/\/owasp.org\/www-community\/attacks\/xss\/\",\n      \"linkType\": \"external\"\n    },\n    {\n      \"title\": \"OWASP XSS Cheat Sheet\",\n      \"url\": \"https:\/\/cheatsheetseries.owasp.org\/cheatsheets\/Cross_Site_Scripting_Prevention_Cheat_Sheet.html\",\n      \"linkType\": \"external\"\n    }\n  ],\n  \"availableApis\": {\n    \"506554d1\": \"JSP JspWriter\",\n    \"1f41b9d4\": \"Exception StackTrace Handling - CrossSiteScripting\"\n  }\n}\n \n","line":26}},{"name":"match response contains deep actualresponse","result":{"duration":1084700,"status":"passed"},"match":{"location":"karate","arguments":[]},"keyword":"And","line":27},{"name":"match response.apiName =='JSP JspWriter'","result":{"duration":1021400,"status":"passed"},"match":{"location":"karate","arguments":[]},"keyword":"And","line":28},{"name":"print response.apiName","result":{"duration":1165600,"status":"passed"},"match":{"location":"karate","arguments":[]},"keyword":"And","line":29,"doc_string":{"content_type":"","value":"19:57:30.876 [print] JSP JspWriter \n","line":29}}],"tags":[{"name":"@SmokeTest","line":19}]},{"line":3,"name":"","description":"","type":"background","keyword":"Background","steps":[{"name":"url baseurl + '\/secinfo\/api\/v1\/articles\/issuetypes\/CrossSiteScripting'","result":{"duration":323700,"status":"passed"},"match":{"location":"karate","arguments":[]},"keyword":"Given","line":4,"doc_string":{"content_type":"","value":"19:57:30.876 karate.env system property was: IPAddress \n","line":4}}]},{"line":43,"name":"Get a list containing Article id and corresponding name of all articles for specify the locale for the article","description":"","id":"get-a-list-containing-article-id-and-corresponding-name-of-all-articles-for-specify-the-locale-for-the-article","type":"scenario","keyword":"Scenario Outline","steps":[{"name":"def query = {language :'Java',api:'JSP JspWriter'}","result":{"duration":458400,"status":"passed"},"match":{"location":"karate","arguments":[]},"keyword":"*","line":33},{"name":"params query","result":{"duration":168000,"status":"passed"},"match":{"location":"karate","arguments":[]},"keyword":"Given","line":34},{"name":"param nl = 'en'","result":{"duration":453100,"status":"passed"},"match":{"location":"karate","arguments":[]},"keyword":"And","line":35},{"name":"method get","result":{"duration":38052300,"status":"passed"},"match":{"location":"karate","arguments":[]},"keyword":"When","line":36,"doc_string":{"content_type":"","value":"19:57:30.876 request:\n1 > GET http:\/\/localhost:8081\/\/secinfo\/api\/v1\/articles\/issuetypes\/CrossSiteScripting?language=Java&api=JSP+JspWriter&nl=en\n1 > Host: localhost:8081\n1 > Connection: Keep-Alive\n1 > User-Agent: Apache-HttpClient\/4.5.13 (Java\/11.0.14.1)\n1 > Accept-Encoding: gzip,deflate\n\n\n19:57:30.923 response time in milliseconds: 31\n1 < 200\n1 < Content-Type: application\/json\n1 < Transfer-Encoding: chunked\n1 < Date: Wed, 28 Sep 2022 14:27:30 GMT\n1 < Keep-Alive: timeout=60\n1 < Connection: keep-alive\n1 < Set-Cookie: org.springframework.web.servlet.i18n.CookieLocaleResolver.LOCALE=en; Domain=localhost\n{\"appscanId\":\"CrossSiteScripting\",\"languageSpec\":\"Java\",\"displayName\":\"JSP JspWriter\",\"apiName\":\"JSP JspWriter\",\"apis\":[{\"name\":\"javax.servlet.jsp.JspWriter.println\",\"signature\":\"javax.servlet.jsp.JspWriter.println(java.lang.String):void\"},{\"name\":\"javax.servlet.jsp.JspWriter.print\",\"signature\":\"javax.servlet.jsp.JspWriter.print(java.lang.String):void\"}],\"cause\":[\"The javax.servlet.jsp.JspWriter class writes HTML pages to a user's browser. This class is generally not used directly in a normal Java file. Instead, it is primarily found in the Java files precompiled from JSP pages on a JSP server.\",\"These JspWriter APIs write a string to the HTML page. If the string is a static string or comes from trusted sources, this is not a problem. However, if the string comes from user input or other untrusted sources, an attacker can introduce malicious scripts, such as JavaScripts, into the output HTML page. When viewed, these scripts will be interpreted by a scripting-enabled web browser and run with the viewing user's security context for communicating with the originating web site, resulting in XSS attacks.\"],\"codeSamples\":[{\"type\":\"bad\",\"title\":\"Printing the user provided name in the resulting welcome page\",\"codeBlock\":[\"<html> Welcome\",\"<%= request.getParameter(\\\"name\\\")%>\",\"<\/html>\"]},{\"type\":\"bad\",\"title\":\"The welcome.jsp page will be converted to the following Java file on the JSP server.\",\"codeBlock\":[\"class welcome_jsp implements javax.servlet.Servlet, javax.servlet.jsp.HttpJspPage {\",\"     public void _jspService( javax.servlet.http.HttpServletRequest request, javax.servlet.http.HttpServletResponse response )\",\"       throws javax.servlet.ServletException, java.io.IOException\",\"     {\",\"         PageContext pageContext = ...;\/\/get the page context for this request\",\"         javax.servlet.jsp.JspWriter out = pageContext.getOut();\",\"         String name = request.getParameter( \\\"name\\\" );\",\"         out.println(\\\"<html> Welcome\\\");\",\"         \/\/Write the name without validation, potential XSS\",\"         out.println( name );\",\"         out.println(\\\"<\/html>\\\");\",\"    }\",\"}\"]},{\"type\":\"good\",\"title\":\"Encode all untrusted data\",\"codeBlock\":[\"<html>\",\"<%\",\"      name = request.getParameter(\\\"name\\\");\",\"      if ( Validator.validate(name) )\",\"      {\",\"%>\",\"Welcome <%= HTMLEntityEncoder.encode(name) %>\",\"<%\",\"       }\",\"%> \",\"<\/html>\"]}],\"externalReferences\":[{\"title\":\"Cross-site Scripting (XSS)\",\"url\":\"https:\/\/owasp.org\/www-community\/attacks\/xss\/\",\"linkType\":\"external\"},{\"title\":\"OWASP XSS Cheat Sheet\",\"url\":\"https:\/\/cheatsheetseries.owasp.org\/cheatsheets\/Cross_Site_Scripting_Prevention_Cheat_Sheet.html\",\"linkType\":\"external\"}],\"availableApis\":{\"506554d1\":\"JSP JspWriter\",\"1f41b9d4\":\"Exception StackTrace Handling - CrossSiteScripting\"}}\n","line":36}},{"name":"status 200","result":{"duration":13600,"status":"passed"},"match":{"location":"karate","arguments":[]},"keyword":"Then","line":37}],"tags":[{"name":"@SmokeTest","line":31}]}],"name":"ArticleController\/GetArticlesIssueTypes.feature","description":"Get a list containing Article id and corresponding name of all articles","id":"get-a-list-containing-article-id-and-corresponding-name-of-all-articles","keyword":"Feature","uri":"ArticleController\/GetArticlesIssueTypes.feature"}]