[{"line":1,"elements":[{"line":3,"name":"","description":"","type":"background","keyword":"Background","steps":[{"name":"url baseurl","result":{"duration":736700,"status":"passed"},"match":{"location":"karate","arguments":[]},"keyword":"Given","line":4,"doc_string":{"content_type":"","value":"19:57:34.977 karate.env system property was: IPAddress \n","line":4}}]},{"line":7,"name":"To Create a preview article","description":"","id":"to-create-a-preview-article","type":"scenario","keyword":"Scenario","steps":[{"name":"path '\/secinfo\/api\/v1\/preview_articles'","result":{"duration":719900,"status":"passed"},"match":{"location":"karate","arguments":[]},"keyword":"Given","line":8},{"name":"def body = read(\"Data\/CreatePreview.json\")","result":{"duration":3319500,"status":"passed"},"match":{"location":"karate","arguments":[]},"keyword":"*","line":9},{"name":"request body","result":{"duration":94800,"status":"passed"},"match":{"location":"karate","arguments":[]},"keyword":"And","line":10},{"name":"headers {Accept:'application\/json' , Content-Type :'application\/json'}","result":{"duration":160800,"status":"passed"},"match":{"location":"karate","arguments":[]},"keyword":"And","line":11},{"name":"method post","result":{"duration":34044200,"status":"passed"},"match":{"location":"karate","arguments":[]},"keyword":"When","line":12,"doc_string":{"content_type":"","value":"19:57:34.986 request:\n1 > POST http:\/\/localhost:8081\/secinfo\/api\/v1\/preview_articles\n1 > Accept: application\/json\n1 > Content-Type: application\/json; charset=UTF-8\n1 > Content-Length: 688\n1 > Host: localhost:8081\n1 > Connection: Keep-Alive\n1 > User-Agent: Apache-HttpClient\/4.5.13 (Java\/11.0.14.1)\n1 > Accept-Encoding: gzip,deflate\n{\"affectedProducts\":\"string\",\"apiName\":\"NewAPI\",\"apis\":[{\"name\":\"string\",\"signature\":\"string\"}],\"appscanId\":\"NTest\",\"cause\":\"string\",\"codeSamples\":[{\"codeBlock\":\"string\",\"title\":\"string\",\"type\":\"string\"}],\"cwe\":0,\"displayName\":\"string\",\"exploitSamples\":[{\"exploitBlock\":[{\"explanation\":\"string\",\"request\":\"string\",\"response\":\"string\"}],\"title\":\"string\"}],\"externalReferences\":[{\"linkType\":\"external\",\"title\":\"https:\\\/\\\/owasp.org\\\/www-community\\\/attacks\\\/xss\\\/\",\"url\":\"string\"}],\"languageSpec\":\"Golang\",\"linkedArticles\":[{\"linkType\":\"string\",\"title\":\"string\",\"url\":\"string\"}],\"parentArticle\":{\"linkType\":\"string\",\"title\":\"string\",\"url\":\"string\"},\"recommendations\":\"string\",\"risk\":\"string\"}\n\n19:57:35.017 response time in milliseconds: 31\n1 < 200\n1 < Content-Type: application\/json\n1 < Transfer-Encoding: chunked\n1 < Date: Wed, 28 Sep 2022 14:27:34 GMT\n1 < Keep-Alive: timeout=60\n1 < Connection: keep-alive\n{\"id\":\"NTest_Golang_e749e930\"}\n","line":12}},{"name":"status 200","result":{"duration":630100,"status":"passed"},"match":{"location":"karate","arguments":[]},"keyword":"Then","line":13},{"name":"print response","result":{"duration":652600,"status":"passed"},"match":{"location":"karate","arguments":[]},"keyword":"And","line":14,"doc_string":{"content_type":"","value":"19:57:35.017 [print] {\n  \"id\": \"NTest_Golang_e749e930\"\n}\n \n","line":14}}],"tags":[{"name":"@SmokeTest","line":6}]}],"name":"ArticleEditorController\/PostMainPreview.feature","description":"Create a preview article","id":"create-a-preview-article","keyword":"Feature","uri":"ArticleEditorController\/PostMainPreview.feature"}]