[{"line":1,"elements":[{"line":3,"name":"","description":"","type":"background","keyword":"Background","steps":[{"name":"url baseurl","result":{"duration":143400,"status":"passed"},"match":{"location":"karate","arguments":[]},"keyword":"Given","line":4,"doc_string":{"content_type":"","value":"19:57:34.329 karate.env system property was: IPAddress \n","line":4}}]},{"line":7,"name":"To Create a language article","description":"","id":"to-create-a-language-article","type":"scenario","keyword":"Scenario","steps":[{"name":"path '\/secinfo\/api\/v1\/editor\/articles\/LanguageArticle'","result":{"duration":1122600,"status":"passed"},"match":{"location":"karate","arguments":[]},"keyword":"Given","line":8},{"name":"def body = read(\"Data\/CreateLanguage.json\")","result":{"duration":1848000,"status":"passed"},"match":{"location":"karate","arguments":[]},"keyword":"*","line":9},{"name":"request body","result":{"duration":112300,"status":"passed"},"match":{"location":"karate","arguments":[]},"keyword":"And","line":10},{"name":"headers {Accept:'application\/json' , Content-Type :'application\/json'}","result":{"duration":174200,"status":"passed"},"match":{"location":"karate","arguments":[]},"keyword":"And","line":11},{"name":"method post","result":{"duration":26837100,"status":"passed"},"match":{"location":"karate","arguments":[]},"keyword":"When","line":12,"doc_string":{"content_type":"","value":"19:57:34.345 request:\n1 > POST http:\/\/localhost:8081\/secinfo\/api\/v1\/editor\/articles\/LanguageArticle\n1 > Accept: application\/json\n1 > Content-Type: application\/json; charset=UTF-8\n1 > Content-Length: 409\n1 > Host: localhost:8081\n1 > Connection: Keep-Alive\n1 > User-Agent: Apache-HttpClient\/4.5.13 (Java\/11.0.14.1)\n1 > Accept-Encoding: gzip,deflate\n{\"appscanId\":\"NTest\",\"cause\":\"string\",\"codeSamples\":[{\"codeBlock\":\"string\",\"title\":\"string\",\"type\":\"string\"}],\"externalReferences\":[{\"linkType\":\"external\",\"title\":\"https:\\\/\\\/owasp.org\\\/www-community\\\/attacks\\\/xss\\\/\",\"url\":\"string\"}],\"languageSpec\":\"Golang\",\"linkedArticles\":[{\"linkType\":\"internal\",\"title\":\"Validation and Encoding\",\"url\":\"Validation.EncodingRequired\"}],\"recommendations\":\"test\",\"risk\":\"test\"}\n\n19:57:34.360 response time in milliseconds: 15\n1 < 201\n1 < Content-Type: application\/json\n1 < Content-Length: 42\n1 < Date: Wed, 28 Sep 2022 14:27:34 GMT\n1 < Keep-Alive: timeout=60\n1 < Connection: keep-alive\nSuccessfully created the language article.\n","line":12}},{"name":"status 201","result":{"duration":15700,"status":"passed"},"match":{"location":"karate","arguments":[]},"keyword":"Then","line":13},{"name":"print response","result":{"duration":595100,"status":"passed"},"match":{"location":"karate","arguments":[]},"keyword":"And","line":14,"doc_string":{"content_type":"","value":"19:57:34.360 [print] Successfully created the language article. \n","line":14}}],"tags":[{"name":"@SmokeTest","line":6}]}],"name":"ArticleEditorController\/PostMainLanguage.feature","description":"Create a language article","id":"create-a-language-article","keyword":"Feature","uri":"ArticleEditorController\/PostMainLanguage.feature"}]