[{"line":1,"elements":[{"line":3,"name":"","description":"","type":"background","keyword":"Background","steps":[{"name":"url baseurl","result":{"duration":112800,"status":"passed"},"match":{"location":"karate","arguments":[]},"keyword":"Given","line":4,"doc_string":{"content_type":"","value":"19:57:35.517 karate.env system property was: IPAddress \n","line":4}}]},{"line":7,"name":"To Edit an API Article","description":"","id":"to-edit-an-api-article","type":"scenario","keyword":"Scenario","steps":[{"name":"path '\/secinfo\/api\/v1\/editor\/articles\/apiArticle'","result":{"duration":42100,"status":"passed"},"match":{"location":"karate","arguments":[]},"keyword":"Given","line":8},{"name":"def body = read(\"Data\/UpdateAPI.json\")","result":{"duration":1918600,"status":"passed"},"match":{"location":"karate","arguments":[]},"keyword":"*","line":9},{"name":"request body","result":{"duration":103000,"status":"passed"},"match":{"location":"karate","arguments":[]},"keyword":"And","line":10},{"name":"method put","result":{"duration":22891300,"status":"passed"},"match":{"location":"karate","arguments":[]},"keyword":"When","line":11,"doc_string":{"content_type":"","value":"19:57:35.517 request:\n1 > PUT http:\/\/localhost:8081\/secinfo\/api\/v1\/editor\/articles\/apiArticle\n1 > Content-Type: application\/json; charset=UTF-8\n1 > Content-Length: 395\n1 > Host: localhost:8081\n1 > Connection: Keep-Alive\n1 > User-Agent: Apache-HttpClient\/4.5.13 (Java\/11.0.14.1)\n1 > Accept-Encoding: gzip,deflate\n{\"apis\":[{\"name\":\"Data\",\"signature\":\"string\"}],\"appscanId\":\"NTest\",\"cause\":\"string\",\"codeSamples\":[{\"codeBlock\":\"string\",\"title\":\"string\",\"type\":\"string\"}],\"existingApiName\":\"NewAPI\",\"externalReferences\":[{\"linkType\":\"external\",\"title\":\"https:\\\/\\\/owasp.org\\\/www-community\\\/attacks\\\/xss\\\/\",\"url\":\"string\"}],\"languageSpec\":\"Golang\",\"newApiName\":\"string\",\"recommendations\":\"string\",\"risk\":\"string\"}\n\n19:57:35.532 response time in milliseconds: 15\n1 < 200\n1 < Content-Type: text\/plain;charset=UTF-8\n1 < Content-Length: 36\n1 < Date: Wed, 28 Sep 2022 14:27:35 GMT\n1 < Keep-Alive: timeout=60\n1 < Connection: keep-alive\nSuccessfully edited the api article.\n","line":11}},{"name":"status 200","result":{"duration":31100,"status":"passed"},"match":{"location":"karate","arguments":[]},"keyword":"Then","line":12},{"name":"print response","result":{"duration":1519300,"status":"passed"},"match":{"location":"karate","arguments":[]},"keyword":"And","line":13,"doc_string":{"content_type":"","value":"19:57:35.532 [print] Successfully edited the api article. \n","line":13}}],"tags":[{"name":"@SmokeTest","line":6}]}],"name":"ArticleEditorController\/PutMainLanguageArticleAPI.feature","description":"Edit an API Article","id":"edit-an-api-article","keyword":"Feature","uri":"ArticleEditorController\/PutMainLanguageArticleAPI.feature"}]