[{"line":1,"elements":[{"line":3,"name":"","description":"","type":"background","keyword":"Background","steps":[{"name":"url baseurl","result":{"duration":114000,"status":"passed"},"match":{"location":"karate","arguments":[]},"keyword":"Given","line":4,"doc_string":{"content_type":"","value":"19:57:35.376 karate.env system property was: IPAddress \n","line":4}}]},{"line":7,"name":"To Verify the update functionality of  Article data","description":"","id":"to-verify-the-update-functionality-of--article-data","type":"scenario","keyword":"Scenario","steps":[{"name":"path '\/secinfo\/api\/v1\/editor\/articles\/LanguageArticle'","result":{"duration":597700,"status":"passed"},"match":{"location":"karate","arguments":[]},"keyword":"Given","line":8},{"name":"def body = read(\"Data\/UpdateLanguage.json\")","result":{"duration":1602000,"status":"passed"},"match":{"location":"karate","arguments":[]},"keyword":"*","line":9},{"name":"request body","result":{"duration":94400,"status":"passed"},"match":{"location":"karate","arguments":[]},"keyword":"And","line":10},{"name":"method put","result":{"duration":53630300,"status":"passed"},"match":{"location":"karate","arguments":[]},"keyword":"When","line":11,"doc_string":{"content_type":"","value":"19:57:35.376 request:\n1 > PUT http:\/\/localhost:8081\/secinfo\/api\/v1\/editor\/articles\/LanguageArticle\n1 > Content-Type: application\/json; charset=UTF-8\n1 > Content-Length: 410\n1 > Host: localhost:8081\n1 > Connection: Keep-Alive\n1 > User-Agent: Apache-HttpClient\/4.5.13 (Java\/11.0.14.1)\n1 > Accept-Encoding: gzip,deflate\n{\"appscanId\":\"NTest\",\"cause\":\"string\",\"codeSamples\":[{\"codeBlock\":\"string\",\"title\":\"string\",\"type\":\"string\"}],\"externalReferences\":[{\"linkType\":\"external\",\"title\":\"https:\\\/\\\/owasp.org\\\/www-community\\\/attacks\\\/xss\\\/\",\"url\":\"string\"}],\"languageSpec\":\"Golang\",\"linkedArticles\":[{\"linkType\":\"internal\",\"title\":\"Validation and Encoding\",\"url\":\"Validation.EncodingRequired\"}],\"recommendations\":\"test1\",\"risk\":\"test\"}\n\n19:57:35.423 response time in milliseconds: 47\n1 < 200\n1 < Content-Type: text\/plain;charset=UTF-8\n1 < Content-Length: 41\n1 < Date: Wed, 28 Sep 2022 14:27:35 GMT\n1 < Keep-Alive: timeout=60\n1 < Connection: keep-alive\nSuccessfully edited the language article.\n","line":11}},{"name":"status 200","result":{"duration":14300,"status":"passed"},"match":{"location":"karate","arguments":[]},"keyword":"Then","line":12},{"name":"print response","result":{"duration":465900,"status":"passed"},"match":{"location":"karate","arguments":[]},"keyword":"And","line":13,"doc_string":{"content_type":"","value":"19:57:35.423 [print] Successfully edited the language article. \n","line":13}}],"tags":[{"name":"@SmokeTest","line":6}]}],"name":"ArticleEditorController\/PutMainLanguageArticle.feature","description":"To Automate update  method of Article data","id":"to-automate-update--method-of-article-data","keyword":"Feature","uri":"ArticleEditorController\/PutMainLanguageArticle.feature"}]