[{"line":1,"elements":[{"line":3,"name":"","description":"","type":"background","keyword":"Background","steps":[{"name":"url baseurl + '\/secinfo\/api\/v1\/articles\/report\/issuetypes'","result":{"duration":1096300,"status":"passed"},"match":{"location":"karate","arguments":[]},"keyword":"Given","line":4,"doc_string":{"content_type":"","value":"19:57:31.767 karate.env system property was: IPAddress \n","line":4}}]},{"line":7,"name":"List of issue type ids","description":"","id":"list-of-issue-type-ids","type":"scenario","keyword":"Scenario","steps":[{"name":"def query = {ids :'attSqlInjectionChecks'}","result":{"duration":398100,"status":"passed"},"match":{"location":"karate","arguments":[]},"keyword":"*","line":8},{"name":"params query","result":{"duration":148500,"status":"passed"},"match":{"location":"karate","arguments":[]},"keyword":"Given","line":9},{"name":"method Post","result":{"duration":26390800,"status":"passed"},"match":{"location":"karate","arguments":[]},"keyword":"When","line":10,"doc_string":{"content_type":"","value":"19:57:31.767 request:\n1 > POST http:\/\/localhost:8081\/\/secinfo\/api\/v1\/articles\/report\/issuetypes?ids=attSqlInjectionChecks\n1 > Host: localhost:8081\n1 > Connection: Keep-Alive\n1 > User-Agent: Apache-HttpClient\/4.5.13 (Java\/11.0.14.1)\n1 > Accept-Encoding: gzip,deflate\n\n\n19:57:31.783 response time in milliseconds: 16\n1 < 200\n1 < Content-Type: application\/json\n1 < Transfer-Encoding: chunked\n1 < Date: Wed, 28 Sep 2022 14:27:31 GMT\n1 < Keep-Alive: timeout=60\n1 < Connection: keep-alive\n{\"attSqlInjectionChecks\":{\"appscanId\":\"Injection.SQL\",\"displayName\":\"SQL Injection\",\"cwe\":89,\"cause\":[\"Sanitization of hazardous characters was not performed correctly on user input.\",\"Dynamically generating queries that include unvalidated user input can lead to SQL injection attacks. An attacker can insert SQL commands or modifiers in the user input that can cause the query to behave in an unsafe manner.\",\"Without sufficient validation and encapsulation of user-controllable inputs, the generated SQL query can cause those inputs to be interpreted as SQL instead of ordinary user data. This can be used to alter query logic to bypass security checks, or to insert additional statements that modify the back-end database, possibly including execution of system commands.\",\"SQL payloads can enter the system through any untrusted data, including user input, data previously stored in the database, files, 3rd party APIs, and more.\"],\"risk\":[\"Potential consequences include the loss of:\",\"Confidentiality - Since SQL databases generally hold sensitive data, loss of confidentiality is a frequent problem with SQL injection vulnerabilities.\",\"Authentication - If poor SQL commands are used to check user names and passwords, it may be possible to connect to a system as another user with no previous knowledge of the password.\",\"Authorization - If authorization information is held in a SQL database, it may be possible to change this information through the successful exploitation of a SQL injection vulnerability.\",\"Integrity - Just as it may be possible to read sensitive information, it is also possible to make changes or even delete this information with a SQL injection attack.\"],\"recommendations\":[\"Use stored procedures with parameters to prevent injection of SQL commands in data, or at least parameterized database calls that do not allow the injection of code. Do not include any dynamic SQL execution in the stored procedures.\",\"An even better solution is to use an ORM (object-relational mapping) framework such as Hibernate or EntityFramework, if you have one available on your platform.\",\"Ensure that all user input is validated and filtered on the server side, not just to disallow bad characters such as a single quote ( ' ) and double quotes (\\\"), but rather to only allow safe characters. Narrowly define the set of safe characters based on the expected value of the parameter in the request.\",\"Use escaping functions on all user input.\",\"Configure the application identity for the least database privileges that are required to accomplish the necessary tasks. Harden the database server to disable any unneeded functionality, such as shell commands.\"],\"externalReferences\":[{\"title\":\"OWASP - SQL Injection Prevention Cheat Sheet\",\"url\":\"https:\/\/cheatsheetseries.owasp.org\/cheatsheets\/SQL_Injection_Prevention_Cheat_Sheet.html\",\"linkType\":\"external\"}]}}\n","line":10}},{"name":"status 200","result":{"duration":24100,"status":"passed"},"match":{"location":"karate","arguments":[]},"keyword":"Then","line":11},{"name":"def actualresponse = read(\"Data\/IssueTypeId.json\")","result":{"duration":3426000,"status":"passed"},"match":{"location":"karate","arguments":[]},"keyword":"*","line":12},{"name":"print \"File==>\", actualresponse","result":{"duration":920800,"status":"passed"},"match":{"location":"karate","arguments":[]},"keyword":"And","line":13,"doc_string":{"content_type":"","value":"19:57:31.798 [print] File==> {\n  \"attSqlInjectionChecks\": {\n    \"appscanId\": \"Injection.SQL\",\n    \"displayName\": \"SQL Injection\",\n    \"cwe\": 89,\n    \"cause\": [\n      \"Sanitization of hazardous characters was not performed correctly on user input.\",\n      \"Dynamically generating queries that include unvalidated user input can lead to SQL injection attacks. An attacker can insert SQL commands or modifiers in the user input that can cause the query to behave in an unsafe manner.\",\n      \"Without sufficient validation and encapsulation of user-controllable inputs, the generated SQL query can cause those inputs to be interpreted as SQL instead of ordinary user data. This can be used to alter query logic to bypass security checks, or to insert additional statements that modify the back-end database, possibly including execution of system commands.\",\n      \"SQL payloads can enter the system through any untrusted data, including user input, data previously stored in the database, files, 3rd party APIs, and more.\"\n    ],\n    \"risk\": [\n      \"Potential consequences include the loss of:\",\n      \"Confidentiality - Since SQL databases generally hold sensitive data, loss of confidentiality is a frequent problem with SQL injection vulnerabilities.\",\n      \"Authentication - If poor SQL commands are used to check user names and passwords, it may be possible to connect to a system as another user with no previous knowledge of the password.\",\n      \"Authorization - If authorization information is held in a SQL database, it may be possible to change this information through the successful exploitation of a SQL injection vulnerability.\",\n      \"Integrity - Just as it may be possible to read sensitive information, it is also possible to make changes or even delete this information with a SQL injection attack.\"\n    ],\n    \"recommendations\": [\n      \"Use stored procedures with parameters to prevent injection of SQL commands in data, or at least parameterized database calls that do not allow the injection of code. Do not include any dynamic SQL execution in the stored procedures.\",\n      \"An even better solution is to use an ORM (object-relational mapping) framework such as Hibernate or EntityFramework, if you have one available on your platform.\",\n      \"Ensure that all user input is validated and filtered on the server side, not just to disallow bad characters such as a single quote ( ' ) and double quotes (\\\"), but rather to only allow safe characters. Narrowly define the set of safe characters based on the expected value of the parameter in the request.\",\n      \"Use escaping functions on all user input.\",\n      \"Configure the application identity for the least database privileges that are required to accomplish the necessary tasks. Harden the database server to disable any unneeded functionality, such as shell commands.\"\n    ],\n    \"externalReferences\": [\n      {\n        \"title\": \"OWASP - SQL Injection Prevention Cheat Sheet\",\n        \"url\": \"https:\/\/cheatsheetseries.owasp.org\/cheatsheets\/SQL_Injection_Prevention_Cheat_Sheet.html\",\n        \"linkType\": \"external\"\n      }\n    ]\n  }\n}\n \n","line":13}},{"name":"match response contains deep actualresponse","result":{"duration":492900,"status":"passed"},"match":{"location":"karate","arguments":[]},"keyword":"And","line":14}],"tags":[{"name":"@SmokeTest","line":6}]},{"line":3,"name":"","description":"","type":"background","keyword":"Background","steps":[{"name":"url baseurl + '\/secinfo\/api\/v1\/articles\/report\/issuetypes'","result":{"duration":280500,"status":"passed"},"match":{"location":"karate","arguments":[]},"keyword":"Given","line":4,"doc_string":{"content_type":"","value":"19:57:31.798 karate.env system property was: IPAddress \n","line":4}}]},{"line":17,"name":"List of issue type ids with optional Paramenters","description":"","id":"list-of-issue-type-ids-with-optional-paramenters","type":"scenario","keyword":"Scenario","steps":[{"name":"def query = {ids :'attSqlInjectionChecks',languages :'Java',nl:'en'}","result":{"duration":381500,"status":"passed"},"match":{"location":"karate","arguments":[]},"keyword":"*","line":18},{"name":"params query","result":{"duration":164300,"status":"passed"},"match":{"location":"karate","arguments":[]},"keyword":"Given","line":19},{"name":"method Post","result":{"duration":36868700,"status":"passed"},"match":{"location":"karate","arguments":[]},"keyword":"When","line":20,"doc_string":{"content_type":"","value":"19:57:31.814 request:\n1 > POST http:\/\/localhost:8081\/\/secinfo\/api\/v1\/articles\/report\/issuetypes?languages=Java&ids=attSqlInjectionChecks&nl=en\n1 > Host: localhost:8081\n1 > Connection: Keep-Alive\n1 > User-Agent: Apache-HttpClient\/4.5.13 (Java\/11.0.14.1)\n1 > Accept-Encoding: gzip,deflate\n\n\n19:57:31.845 response time in milliseconds: 31\n1 < 200\n1 < Content-Type: application\/json\n1 < Transfer-Encoding: chunked\n1 < Date: Wed, 28 Sep 2022 14:27:31 GMT\n1 < Keep-Alive: timeout=60\n1 < Connection: keep-alive\n1 < Set-Cookie: org.springframework.web.servlet.i18n.CookieLocaleResolver.LOCALE=en; Domain=localhost\n{\"attSqlInjectionChecks\":{\"appscanId\":\"Injection.SQL\",\"displayName\":\"SQL Injection\",\"cwe\":89,\"cause\":[\"Sanitization of hazardous characters was not performed correctly on user input.\",\"Dynamically generating queries that include unvalidated user input can lead to SQL injection attacks. An attacker can insert SQL commands or modifiers in the user input that can cause the query to behave in an unsafe manner.\",\"Without sufficient validation and encapsulation of user-controllable inputs, the generated SQL query can cause those inputs to be interpreted as SQL instead of ordinary user data. This can be used to alter query logic to bypass security checks, or to insert additional statements that modify the back-end database, possibly including execution of system commands.\",\"SQL payloads can enter the system through any untrusted data, including user input, data previously stored in the database, files, 3rd party APIs, and more.\"],\"risk\":[\"Potential consequences include the loss of:\",\"Confidentiality - Since SQL databases generally hold sensitive data, loss of confidentiality is a frequent problem with SQL injection vulnerabilities.\",\"Authentication - If poor SQL commands are used to check user names and passwords, it may be possible to connect to a system as another user with no previous knowledge of the password.\",\"Authorization - If authorization information is held in a SQL database, it may be possible to change this information through the successful exploitation of a SQL injection vulnerability.\",\"Integrity - Just as it may be possible to read sensitive information, it is also possible to make changes or even delete this information with a SQL injection attack.\"],\"recommendations\":[\"Use stored procedures with parameters to prevent injection of SQL commands in data, or at least parameterized database calls that do not allow the injection of code. Do not include any dynamic SQL execution in the stored procedures.\",\"An even better solution is to use an ORM (object-relational mapping) framework such as Hibernate or EntityFramework, if you have one available on your platform.\",\"Ensure that all user input is validated and filtered on the server side, not just to disallow bad characters such as a single quote ( ' ) and double quotes (\\\"), but rather to only allow safe characters. Narrowly define the set of safe characters based on the expected value of the parameter in the request.\",\"Use escaping functions on all user input.\",\"Configure the application identity for the least database privileges that are required to accomplish the necessary tasks. Harden the database server to disable any unneeded functionality, such as shell commands.\"],\"externalReferences\":[{\"title\":\"OWASP - SQL Injection Prevention Cheat Sheet\",\"url\":\"https:\/\/cheatsheetseries.owasp.org\/cheatsheets\/SQL_Injection_Prevention_Cheat_Sheet.html\",\"linkType\":\"external\"}],\"languages\":[{\"languageSpec\":\"Java\",\"codeSamples\":[{\"type\":\"bad\",\"title\":\"Dynamically crafting the SQL query by using the user's input without proper input validation.\",\"codeBlock\":[\"try {\",\"   String query  = \\\"select * from users where user_name = '\\\" + request.getParameter(\\\"userName\\\") + \\\"' \\\";\",\"   Statement statement = connection.createStatement(...);\",\"   ResultSet rs = statement.executeQuery(query);\",\"}\"]},{\"type\":\"good\",\"title\":\"Encapsulating user input with PreparedStatement and parameter setters\",\"codeBlock\":[\"try {\",\"   PreparedStatement myStatement = myConnection.prepareStatement(\\\"select * from users where username = ?\\\");\",\"   myStatement.setString(1, request.getParameter(\\\"userName\\\"));\",\"   ResultSet rs = myStatement.executeQuery();\",\"}\"]}],\"recommendations\":[\"Use PreparedStatement() with bind variables.\"],\"languageName\":\"Java\"}]}}\n","line":20}},{"name":"status 200","result":{"duration":14400,"status":"passed"},"match":{"location":"karate","arguments":[]},"keyword":"Then","line":21},{"name":"def actualresponse = read(\"Data\/IssueTypeIdParam.json\")","result":{"duration":4053500,"status":"passed"},"match":{"location":"karate","arguments":[]},"keyword":"*","line":22},{"name":"print \"File==>\", actualresponse","result":{"duration":1051200,"status":"passed"},"match":{"location":"karate","arguments":[]},"keyword":"And","line":23,"doc_string":{"content_type":"","value":"19:57:31.845 [print] File==> {\n  \"attSqlInjectionChecks\": {\n    \"appscanId\": \"Injection.SQL\",\n    \"displayName\": \"SQL Injection\",\n    \"cwe\": 89,\n    \"cause\": [\n      \"Sanitization of hazardous characters was not performed correctly on user input.\",\n      \"Dynamically generating queries that include unvalidated user input can lead to SQL injection attacks. An attacker can insert SQL commands or modifiers in the user input that can cause the query to behave in an unsafe manner.\",\n      \"Without sufficient validation and encapsulation of user-controllable inputs, the generated SQL query can cause those inputs to be interpreted as SQL instead of ordinary user data. This can be used to alter query logic to bypass security checks, or to insert additional statements that modify the back-end database, possibly including execution of system commands.\",\n      \"SQL payloads can enter the system through any untrusted data, including user input, data previously stored in the database, files, 3rd party APIs, and more.\"\n    ],\n    \"risk\": [\n      \"Potential consequences include the loss of:\",\n      \"Confidentiality - Since SQL databases generally hold sensitive data, loss of confidentiality is a frequent problem with SQL injection vulnerabilities.\",\n      \"Authentication - If poor SQL commands are used to check user names and passwords, it may be possible to connect to a system as another user with no previous knowledge of the password.\",\n      \"Authorization - If authorization information is held in a SQL database, it may be possible to change this information through the successful exploitation of a SQL injection vulnerability.\",\n      \"Integrity - Just as it may be possible to read sensitive information, it is also possible to make changes or even delete this information with a SQL injection attack.\"\n    ],\n    \"recommendations\": [\n      \"Use stored procedures with parameters to prevent injection of SQL commands in data, or at least parameterized database calls that do not allow the injection of code. Do not include any dynamic SQL execution in the stored procedures.\",\n      \"An even better solution is to use an ORM (object-relational mapping) framework such as Hibernate or EntityFramework, if you have one available on your platform.\",\n      \"Ensure that all user input is validated and filtered on the server side, not just to disallow bad characters such as a single quote ( ' ) and double quotes (\\\"), but rather to only allow safe characters. Narrowly define the set of safe characters based on the expected value of the parameter in the request.\",\n      \"Use escaping functions on all user input.\",\n      \"Configure the application identity for the least database privileges that are required to accomplish the necessary tasks. Harden the database server to disable any unneeded functionality, such as shell commands.\"\n    ],\n    \"externalReferences\": [\n      {\n        \"title\": \"OWASP - SQL Injection Prevention Cheat Sheet\",\n        \"url\": \"https:\/\/cheatsheetseries.owasp.org\/cheatsheets\/SQL_Injection_Prevention_Cheat_Sheet.html\",\n        \"linkType\": \"external\"\n      }\n    ],\n    \"languages\": [\n      {\n        \"languageSpec\": \"Java\",\n        \"codeSamples\": [\n          {\n            \"type\": \"bad\",\n            \"title\": \"Dynamically crafting the SQL query by using the user's input without proper input validation.\",\n            \"codeBlock\": [\n              \"try {\",\n              \"   String query  = \\\"select * from users where user_name = '\\\" + request.getParameter(\\\"userName\\\") + \\\"' \\\";\",\n              \"   Statement statement = connection.createStatement(...);\",\n              \"   ResultSet rs = statement.executeQuery(query);\",\n              \"}\"\n            ]\n          },\n          {\n            \"type\": \"good\",\n            \"title\": \"Encapsulating user input with PreparedStatement and parameter setters\",\n            \"codeBlock\": [\n              \"try {\",\n              \"   PreparedStatement myStatement = myConnection.prepareStatement(\\\"select * from users where username = ?\\\");\",\n              \"   myStatement.setString(1, request.getParameter(\\\"userName\\\"));\",\n              \"   ResultSet rs = myStatement.executeQuery();\",\n              \"}\"\n            ]\n          }\n        ],\n        \"recommendations\": [\n          \"Use PreparedStatement() with bind variables.\"\n        ],\n        \"languageName\": \"Java\"\n      }\n    ]\n  }\n}\n \n","line":23}},{"name":"match response contains deep actualresponse","result":{"duration":705000,"status":"passed"},"match":{"location":"karate","arguments":[]},"keyword":"And","line":24}],"tags":[{"name":"@SmokeTest","line":16}]}],"name":"ArticleController\/PostIssueTypes.feature","description":"Get an article by issuetype id for mutiple languages","id":"get-an-article-by-issuetype-id-for-mutiple-languages","keyword":"Feature","uri":"ArticleController\/PostIssueTypes.feature"}]