[{"line":1,"elements":[{"line":3,"name":"","description":"","type":"background","keyword":"Background","steps":[{"name":"url baseurl","result":{"duration":150000,"status":"passed"},"match":{"location":"karate","arguments":[]},"keyword":"Given","line":4,"doc_string":{"content_type":"","value":"19:57:33.657 karate.env system property was: IPAddress \n","line":4}}]},{"line":7,"name":"To Verify the creation of Article data","description":"","id":"to-verify-the-creation-of-article-data","type":"scenario","keyword":"Scenario","steps":[{"name":"path '\/secinfo\/api\/v1\/editor\/articles\/mainArticle'","result":{"duration":736400,"status":"passed"},"match":{"location":"karate","arguments":[]},"keyword":"Given","line":8},{"name":"def body = read(\"Data\/CreateArticle.json\")","result":{"duration":1912300,"status":"passed"},"match":{"location":"karate","arguments":[]},"keyword":"*","line":9},{"name":"request body","result":{"duration":61000,"status":"passed"},"match":{"location":"karate","arguments":[]},"keyword":"And","line":10},{"name":"headers {Accept:'application\/json' , Content-Type :'application\/json'}","result":{"duration":450400,"status":"passed"},"match":{"location":"karate","arguments":[]},"keyword":"And","line":11},{"name":"method post","result":{"duration":191766000,"status":"passed"},"match":{"location":"karate","arguments":[]},"keyword":"When","line":12,"doc_string":{"content_type":"","value":"19:57:33.735 request:\n1 > POST http:\/\/localhost:8081\/secinfo\/api\/v1\/editor\/articles\/mainArticle\n1 > Accept: application\/json\n1 > Content-Type: application\/json; charset=UTF-8\n1 > Content-Length: 613\n1 > Host: localhost:8081\n1 > Connection: Keep-Alive\n1 > User-Agent: Apache-HttpClient\/4.5.13 (Java\/11.0.14.1)\n1 > Accept-Encoding: gzip,deflate\n{\"affectedProducts\":\"string\",\"appscanId\":\"NTest\",\"cause\":\"string\",\"cwe\":99,\"displayName\":\"DisplaySampleTest\",\"exploitSamples\":[{\"exploitBlock\":[{\"explanation\":\"string\",\"request\":\"string\",\"response\":\"string\"}],\"title\":\"string\"}],\"externalReferences\":[{\"linkType\":\"external\",\"title\":\"https:\\\/\\\/owasp.org\\\/www-community\\\/attacks\\\/xss\\\/\",\"url\":\"string\"}],\"linkedArticles\":[{\"linkType\":\"internal\",\"title\":\"Validation and Encoding\",\"url\":\"Validation.EncodingRequired\"}],\"parentArticle\":{\"linkType\":\"internal\",\"title\":\"Validation and Encoding\",\"url\":\"Validation.EncodingRequired\"},\"recommendations\":\"test\",\"risk\":\"test\"}\n\n19:57:33.845 response time in milliseconds: 110\n1 < 201\n1 < Content-Type: application\/json\n1 < Content-Length: 38\n1 < Date: Wed, 28 Sep 2022 14:27:33 GMT\n1 < Keep-Alive: timeout=60\n1 < Connection: keep-alive\nSuccessfully created the main article.\n","line":12}},{"name":"status 201","result":{"duration":14800,"status":"passed"},"match":{"location":"karate","arguments":[]},"keyword":"Then","line":13},{"name":"print response","result":{"duration":1566800,"status":"passed"},"match":{"location":"karate","arguments":[]},"keyword":"And","line":14,"doc_string":{"content_type":"","value":"19:57:33.845 [print] Successfully created the main article. \n","line":14}}],"tags":[{"name":"@SmokeTest","line":6}]}],"name":"ArticleEditorController\/PostMainArticle.feature","description":"Create Main Article","id":"create-main-article","keyword":"Feature","uri":"ArticleEditorController\/PostMainArticle.feature"}]