[{"line":1,"elements":[{"line":3,"name":"","description":"","type":"background","keyword":"Background","steps":[{"name":"url baseurl","result":{"duration":132600,"status":"passed"},"match":{"location":"karate","arguments":[]},"keyword":"Given","line":4,"doc_string":{"content_type":"","value":"19:57:34.548 karate.env system property was: IPAddress \n","line":4}}]},{"line":7,"name":"To Create an api article","description":"","id":"to-create-an-api-article","type":"scenario","keyword":"Scenario","steps":[{"name":"path '\/secinfo\/api\/v1\/editor\/articles\/apiArticle'","result":{"duration":452600,"status":"passed"},"match":{"location":"karate","arguments":[]},"keyword":"Given","line":8},{"name":"def body = read(\"Data\/CreateAPI.json\")","result":{"duration":1583400,"status":"passed"},"match":{"location":"karate","arguments":[]},"keyword":"*","line":9},{"name":"request body","result":{"duration":97900,"status":"passed"},"match":{"location":"karate","arguments":[]},"keyword":"And","line":10},{"name":"headers {Accept:'application\/json' , Content-Type :'application\/json'}","result":{"duration":186600,"status":"passed"},"match":{"location":"karate","arguments":[]},"keyword":"And","line":11},{"name":"method post","result":{"duration":32130700,"status":"passed"},"match":{"location":"karate","arguments":[]},"keyword":"When","line":12,"doc_string":{"content_type":"","value":"19:57:34.564 request:\n1 > POST http:\/\/localhost:8081\/secinfo\/api\/v1\/editor\/articles\/apiArticle\n1 > Accept: application\/json\n1 > Content-Type: application\/json; charset=UTF-8\n1 > Content-Length: 365\n1 > Host: localhost:8081\n1 > Connection: Keep-Alive\n1 > User-Agent: Apache-HttpClient\/4.5.13 (Java\/11.0.14.1)\n1 > Accept-Encoding: gzip,deflate\n{\"apiName\":\"NewAPI\",\"apis\":[{\"name\":\"Data\",\"signature\":\"string\"}],\"appscanId\":\"NTest\",\"cause\":\"string\",\"codeSamples\":[{\"codeBlock\":\"string\",\"title\":\"string\",\"type\":\"string\"}],\"externalReferences\":[{\"linkType\":\"external\",\"title\":\"https:\\\/\\\/owasp.org\\\/www-community\\\/attacks\\\/xss\\\/\",\"url\":\"string\"}],\"languageSpec\":\"Golang\",\"recommendations\":\"string\",\"risk\":\"string\"}\n\n19:57:34.595 response time in milliseconds: 31\n1 < 201\n1 < Content-Type: application\/json\n1 < Content-Length: 37\n1 < Date: Wed, 28 Sep 2022 14:27:34 GMT\n1 < Keep-Alive: timeout=60\n1 < Connection: keep-alive\nSuccessfully created the api article.\n","line":12}},{"name":"status 201","result":{"duration":13400,"status":"passed"},"match":{"location":"karate","arguments":[]},"keyword":"Then","line":13},{"name":"print response","result":{"duration":1655900,"status":"passed"},"match":{"location":"karate","arguments":[]},"keyword":"And","line":14,"doc_string":{"content_type":"","value":"19:57:34.595 [print] Successfully created the api article. \n","line":14}}],"tags":[{"name":"@SmokeTest","line":6}]}],"name":"ArticleEditorController\/PostMainLanguageAPI.feature","description":"Create an api article","id":"create-an-api-article","keyword":"Feature","uri":"ArticleEditorController\/PostMainLanguageAPI.feature"}]