[{"line":1,"elements":[{"line":3,"name":"","description":"","type":"background","keyword":"Background","steps":[{"name":"url baseurl","result":{"duration":172800,"status":"passed"},"match":{"location":"karate","arguments":[]},"keyword":"Given","line":4,"doc_string":{"content_type":"","value":"19:57:35.220 karate.env system property was: IPAddress \n","line":4}}]},{"line":7,"name":"To Verify the update functionality of  Article data","description":"","id":"to-verify-the-update-functionality-of--article-data","type":"scenario","keyword":"Scenario","steps":[{"name":"path '\/secinfo\/api\/v1\/editor\/articles\/mainArticle'","result":{"duration":624700,"status":"passed"},"match":{"location":"karate","arguments":[]},"keyword":"Given","line":8},{"name":"def body = read(\"Data\/UpdateArticle.json\")","result":{"duration":2342100,"status":"passed"},"match":{"location":"karate","arguments":[]},"keyword":"*","line":9},{"name":"request body","result":{"duration":105800,"status":"passed"},"match":{"location":"karate","arguments":[]},"keyword":"And","line":10},{"name":"method put","result":{"duration":18690500,"status":"passed"},"match":{"location":"karate","arguments":[]},"keyword":"When","line":11,"doc_string":{"content_type":"","value":"19:57:35.220 request:\n1 > PUT http:\/\/localhost:8081\/secinfo\/api\/v1\/editor\/articles\/mainArticle\n1 > Content-Type: application\/json; charset=UTF-8\n1 > Content-Length: 615\n1 > Host: localhost:8081\n1 > Connection: Keep-Alive\n1 > User-Agent: Apache-HttpClient\/4.5.13 (Java\/11.0.14.1)\n1 > Accept-Encoding: gzip,deflate\n{\"affectedProducts\":\"string\",\"appscanId\":\"NTest\",\"cause\":\"string\",\"cwe\":99,\"displayName\":\"DisplaySampleTest11\",\"exploitSamples\":[{\"exploitBlock\":[{\"explanation\":\"string\",\"request\":\"string\",\"response\":\"string\"}],\"title\":\"string\"}],\"externalReferences\":[{\"linkType\":\"external\",\"title\":\"https:\\\/\\\/owasp.org\\\/www-community\\\/attacks\\\/xss\\\/\",\"url\":\"string\"}],\"linkedArticles\":[{\"linkType\":\"internal\",\"title\":\"Validation and Encoding\",\"url\":\"Validation.EncodingRequired\"}],\"parentArticle\":{\"linkType\":\"internal\",\"title\":\"Validation and Encoding\",\"url\":\"Validation.EncodingRequired\"},\"recommendations\":\"test\",\"risk\":\"test\"}\n\n19:57:35.235 response time in milliseconds: 15\n1 < 200\n1 < Content-Type: text\/plain;charset=UTF-8\n1 < Content-Length: 37\n1 < Date: Wed, 28 Sep 2022 14:27:34 GMT\n1 < Keep-Alive: timeout=60\n1 < Connection: keep-alive\nSuccessfully edited the main article.\n","line":11}},{"name":"status 200","result":{"duration":49700,"status":"passed"},"match":{"location":"karate","arguments":[]},"keyword":"Then","line":12},{"name":"print response","result":{"duration":428700,"status":"passed"},"match":{"location":"karate","arguments":[]},"keyword":"And","line":13,"doc_string":{"content_type":"","value":"19:57:35.235 [print] Successfully edited the main article. \n","line":13}}],"tags":[{"name":"@SmokeTest","line":6}]}],"name":"ArticleEditorController\/PutMainArticle.feature","description":"Update Main Article","id":"update-main-article","keyword":"Feature","uri":"ArticleEditorController\/PutMainArticle.feature"}]