[{"line":1,"elements":[{"line":3,"name":"","description":"","type":"background","keyword":"Background","steps":[{"name":"url baseurl +'\/secinfo\/api\/v1\/editor\/articles\/CrossSiteScripting'","result":{"duration":889200,"status":"passed"},"match":{"location":"karate","arguments":[]},"keyword":"Given","line":4,"doc_string":{"content_type":"","value":"19:57:33.267 karate.env system property was: IPAddress \n","line":4}}]},{"line":7,"name":"Get an article by issuetype id","description":"","id":"get-an-article-by-issuetype-id","type":"scenario","keyword":"Scenario","steps":[{"name":"def query = {language:'Java'}","result":{"duration":405500,"status":"passed"},"match":{"location":"karate","arguments":[]},"keyword":"*","line":8},{"name":"params query","result":{"duration":153500,"status":"passed"},"match":{"location":"karate","arguments":[]},"keyword":"Given","line":9},{"name":"method get","result":{"duration":13715900,"status":"passed"},"match":{"location":"karate","arguments":[]},"keyword":"When","line":10,"doc_string":{"content_type":"","value":"19:57:33.267 request:\n1 > GET http:\/\/localhost:8081\/\/secinfo\/api\/v1\/editor\/articles\/CrossSiteScripting?language=Java\n1 > Host: localhost:8081\n1 > Connection: Keep-Alive\n1 > User-Agent: Apache-HttpClient\/4.5.13 (Java\/11.0.14.1)\n1 > Accept-Encoding: gzip,deflate\n\n\n19:57:33.282 response time in milliseconds: 15\n1 < 200\n1 < Content-Type: application\/json\n1 < Transfer-Encoding: chunked\n1 < Date: Wed, 28 Sep 2022 14:27:33 GMT\n1 < Keep-Alive: timeout=60\n1 < Connection: keep-alive\n{\"version\":\"1\",\"id\":\"CrossSiteScripting_Java\",\"languageSpec\":\"Java\",\"codeSamples\":[{\"type\":\"bad\",\"title\":\"Untrusted input is returned in the response\",\"codeBlock\":[\"protected void doGet(HttpServletRequest req, HttpServletResponse resp) throws IOException {\",\"   String userName = request.getParameter(\\\"user_name\\\");\",\"   response.getWriter().writer(\\\"Hello \\\" + username);\",\"}\"]},{\"type\":\"good\",\"title\":\"Input sanitization using org.owasp.html.Sanitizers and HTML encode\",\"codeBlock\":[\"protected void doGet(HttpServletRequest req, HttpServletResponse resp) throws IOException {\",\"   String userName = request.getParameter(\\\"user_name\\\");\",\"   Assert.assertTrue(Pattern.matches(\\\"[a-zA-Z0-9\\\\s\\\\-]{1,15}\\\", userName));\",\"   PolicyFactory policy = Sanitizers.FORMATTING.and(Sanitizers.LINKS);\",\"   String safeOutput = policy.sanitize(userName);\",\"   safeOutput = Encode.forHtml(safeOutput);\",\"   response.getWriter().writer(\\\"Hello \\\" + safeOutput);\",\"}\"]}],\"recommendations\":[\"Consider using either the ESAPI encoding library, the OWASP Encoder, or other standard library or built-in platform functions.\",\"Struts-based applications can use Struts' `bean:write` tag, which automatically filters output of dangerous characters by default.\",\"Consider using the Struts Jakarta validation framework or JSF Validators for implementing data validation.\"],\"availableApis\":{\"506554d1\":\"JSP JspWriter\",\"1f41b9d4\":\"Exception StackTrace Handling - CrossSiteScripting\"}}\n","line":10}},{"name":"status 200","result":{"duration":9500,"status":"passed"},"match":{"location":"karate","arguments":[]},"keyword":"Then","line":11},{"name":"def actualresponse = read(\"Data\/Language.json\")","result":{"duration":5787200,"status":"passed"},"match":{"location":"karate","arguments":[]},"keyword":"*","line":12},{"name":"print \"File==>\", actualresponse","result":{"duration":1508400,"status":"passed"},"match":{"location":"karate","arguments":[]},"keyword":"And","line":13,"doc_string":{"content_type":"","value":"19:57:33.282 [print] File==> {\n  \"version\": \"1\",\n  \"id\": \"CrossSiteScripting_Java\",\n  \"languageSpec\": \"Java\",\n  \"codeSamples\": [\n    {\n      \"type\": \"bad\",\n      \"title\": \"Untrusted input is returned in the response\",\n      \"codeBlock\": [\n        \"protected void doGet(HttpServletRequest req, HttpServletResponse resp) throws IOException {\",\n        \"   String userName = request.getParameter(\\\"user_name\\\");\",\n        \"   response.getWriter().writer(\\\"Hello \\\" + username);\",\n        \"}\"\n      ]\n    },\n    {\n      \"type\": \"good\",\n      \"title\": \"Input sanitization using org.owasp.html.Sanitizers and HTML encode\",\n      \"codeBlock\": [\n        \"protected void doGet(HttpServletRequest req, HttpServletResponse resp) throws IOException {\",\n        \"   String userName = request.getParameter(\\\"user_name\\\");\",\n        \"   Assert.assertTrue(Pattern.matches(\\\"[a-zA-Z0-9\\\\s\\\\-]{1,15}\\\", userName));\",\n        \"   PolicyFactory policy = Sanitizers.FORMATTING.and(Sanitizers.LINKS);\",\n        \"   String safeOutput = policy.sanitize(userName);\",\n        \"   safeOutput = Encode.forHtml(safeOutput);\",\n        \"   response.getWriter().writer(\\\"Hello \\\" + safeOutput);\",\n        \"}\"\n      ]\n    }\n  ],\n  \"recommendations\": [\n    \"Consider using either the ESAPI encoding library, the OWASP Encoder, or other standard library or built-in platform functions.\",\n    \"Struts-based applications can use Struts' `bean:write` tag, which automatically filters output of dangerous characters by default.\",\n    \"Consider using the Struts Jakarta validation framework or JSF Validators for implementing data validation.\"\n  ],\n  \"availableApis\": {\n    \"506554d1\": \"JSP JspWriter\",\n    \"1f41b9d4\": \"Exception StackTrace Handling - CrossSiteScripting\"\n  }\n}\n \n","line":13}},{"name":"match response contains deep actualresponse","result":{"duration":988800,"status":"passed"},"match":{"location":"karate","arguments":[]},"keyword":"And","line":14},{"name":"match response.languageSpec =='Java'","result":{"duration":3078900,"status":"passed"},"match":{"location":"karate","arguments":[]},"keyword":"And","line":15},{"name":"print response.languageSpec","result":{"duration":1149900,"status":"passed"},"match":{"location":"karate","arguments":[]},"keyword":"And","line":16,"doc_string":{"content_type":"","value":"19:57:33.298 [print] Java \n","line":16}}],"tags":[{"name":"@SmokeTest","line":6}]},{"line":3,"name":"","description":"","type":"background","keyword":"Background","steps":[{"name":"url baseurl +'\/secinfo\/api\/v1\/editor\/articles\/CrossSiteScripting'","result":{"duration":252400,"status":"passed"},"match":{"location":"karate","arguments":[]},"keyword":"Given","line":4,"doc_string":{"content_type":"","value":"19:57:33.298 karate.env system property was: IPAddress \n","line":4}}]},{"line":19,"name":"Get an article by issuetype id","description":"","id":"get-an-article-by-issuetype-id","type":"scenario","keyword":"Scenario","steps":[{"name":"def query = {language :'Java',api:'JSP JspWriter'}","result":{"duration":416600,"status":"passed"},"match":{"location":"karate","arguments":[]},"keyword":"*","line":20},{"name":"params query","result":{"duration":159200,"status":"passed"},"match":{"location":"karate","arguments":[]},"keyword":"Given","line":21},{"name":"method get","result":{"duration":29472400,"status":"passed"},"match":{"location":"karate","arguments":[]},"keyword":"When","line":22,"doc_string":{"content_type":"","value":"19:57:33.298 request:\n1 > GET http:\/\/localhost:8081\/\/secinfo\/api\/v1\/editor\/articles\/CrossSiteScripting?language=Java&api=JSP+JspWriter\n1 > Host: localhost:8081\n1 > Connection: Keep-Alive\n1 > User-Agent: Apache-HttpClient\/4.5.13 (Java\/11.0.14.1)\n1 > Accept-Encoding: gzip,deflate\n\n\n19:57:33.329 response time in milliseconds: 31\n1 < 200\n1 < Content-Type: application\/json\n1 < Transfer-Encoding: chunked\n1 < Date: Wed, 28 Sep 2022 14:27:33 GMT\n1 < Keep-Alive: timeout=60\n1 < Connection: keep-alive\n{\"version\":\"1\",\"id\":\"CrossSiteScripting_Java_506554d1\",\"apiName\":\"JSP JspWriter\",\"apis\":[{\"name\":\"javax.servlet.jsp.JspWriter.println\",\"signature\":\"javax.servlet.jsp.JspWriter.println(java.lang.String):void\"},{\"name\":\"javax.servlet.jsp.JspWriter.print\",\"signature\":\"javax.servlet.jsp.JspWriter.print(java.lang.String):void\"}],\"cause\":[\"The javax.servlet.jsp.JspWriter class writes HTML pages to a user's browser. This class is generally not used directly in a normal Java file. Instead, it is primarily found in the Java files precompiled from JSP pages on a JSP server.\",\"These JspWriter APIs write a string to the HTML page. If the string is a static string or comes from trusted sources, this is not a problem. However, if the string comes from user input or other untrusted sources, an attacker can introduce malicious scripts, such as JavaScripts, into the output HTML page. When viewed, these scripts will be interpreted by a scripting-enabled web browser and run with the viewing user's security context for communicating with the originating web site, resulting in XSS attacks.\"],\"codeSamples\":[{\"type\":\"bad\",\"title\":\"Printing the user provided name in the resulting welcome page\",\"codeBlock\":[\"<html> Welcome\",\"<%= request.getParameter(\\\"name\\\")%>\",\"<\/html>\"]},{\"type\":\"bad\",\"title\":\"The welcome.jsp page will be converted to the following Java file on the JSP server.\",\"codeBlock\":[\"class welcome_jsp implements javax.servlet.Servlet, javax.servlet.jsp.HttpJspPage {\",\"     public void _jspService( javax.servlet.http.HttpServletRequest request, javax.servlet.http.HttpServletResponse response )\",\"       throws javax.servlet.ServletException, java.io.IOException\",\"     {\",\"         PageContext pageContext = ...;\/\/get the page context for this request\",\"         javax.servlet.jsp.JspWriter out = pageContext.getOut();\",\"         String name = request.getParameter( \\\"name\\\" );\",\"         out.println(\\\"<html> Welcome\\\");\",\"         \/\/Write the name without validation, potential XSS\",\"         out.println( name );\",\"         out.println(\\\"<\/html>\\\");\",\"    }\",\"}\"]},{\"type\":\"good\",\"title\":\"Encode all untrusted data\",\"codeBlock\":[\"<html>\",\"<%\",\"      name = request.getParameter(\\\"name\\\");\",\"      if ( Validator.validate(name) )\",\"      {\",\"%>\",\"Welcome <%= HTMLEntityEncoder.encode(name) %>\",\"<%\",\"       }\",\"%> \",\"<\/html>\"]}]}\n","line":22}},{"name":"status 200","result":{"duration":12000,"status":"passed"},"match":{"location":"karate","arguments":[]},"keyword":"Then","line":23},{"name":"def actualresponse = read(\"Data\/API.json\")","result":{"duration":5046600,"status":"passed"},"match":{"location":"karate","arguments":[]},"keyword":"*","line":24},{"name":"print \"File==>\", actualresponse","result":{"duration":1493400,"status":"passed"},"match":{"location":"karate","arguments":[]},"keyword":"And","line":25,"doc_string":{"content_type":"","value":"19:57:33.345 [print] File==> {\n  \"version\": \"1\",\n  \"id\": \"CrossSiteScripting_Java_506554d1\",\n  \"apiName\": \"JSP JspWriter\",\n  \"apis\": [\n    {\n      \"name\": \"javax.servlet.jsp.JspWriter.println\",\n      \"signature\": \"javax.servlet.jsp.JspWriter.println(java.lang.String):void\"\n    },\n    {\n      \"name\": \"javax.servlet.jsp.JspWriter.print\",\n      \"signature\": \"javax.servlet.jsp.JspWriter.print(java.lang.String):void\"\n    }\n  ],\n  \"cause\": [\n    \"The javax.servlet.jsp.JspWriter class writes HTML pages to a user's browser. This class is generally not used directly in a normal Java file. Instead, it is primarily found in the Java files precompiled from JSP pages on a JSP server.\",\n    \"These JspWriter APIs write a string to the HTML page. If the string is a static string or comes from trusted sources, this is not a problem. However, if the string comes from user input or other untrusted sources, an attacker can introduce malicious scripts, such as JavaScripts, into the output HTML page. When viewed, these scripts will be interpreted by a scripting-enabled web browser and run with the viewing user's security context for communicating with the originating web site, resulting in XSS attacks.\"\n  ],\n  \"codeSamples\": [\n    {\n      \"type\": \"bad\",\n      \"title\": \"Printing the user provided name in the resulting welcome page\",\n      \"codeBlock\": [\n        \"<html> Welcome\",\n        \"<%= request.getParameter(\\\"name\\\")%>\",\n        \"<\/html>\"\n      ]\n    },\n    {\n      \"type\": \"bad\",\n      \"title\": \"The welcome.jsp page will be converted to the following Java file on the JSP server.\",\n      \"codeBlock\": [\n        \"class welcome_jsp implements javax.servlet.Servlet, javax.servlet.jsp.HttpJspPage {\",\n        \"     public void _jspService( javax.servlet.http.HttpServletRequest request, javax.servlet.http.HttpServletResponse response )\",\n        \"       throws javax.servlet.ServletException, java.io.IOException\",\n        \"     {\",\n        \"         PageContext pageContext = ...;\/\/get the page context for this request\",\n        \"         javax.servlet.jsp.JspWriter out = pageContext.getOut();\",\n        \"         String name = request.getParameter( \\\"name\\\" );\",\n        \"         out.println(\\\"<html> Welcome\\\");\",\n        \"         \/\/Write the name without validation, potential XSS\",\n        \"         out.println( name );\",\n        \"         out.println(\\\"<\/html>\\\");\",\n        \"    }\",\n        \"}\"\n      ]\n    },\n    {\n      \"type\": \"good\",\n      \"title\": \"Encode all untrusted data\",\n      \"codeBlock\": [\n        \"<html>\",\n        \"<%\",\n        \"      name = request.getParameter(\\\"name\\\");\",\n        \"      if ( Validator.validate(name) )\",\n        \"      {\",\n        \"%>\",\n        \"Welcome <%= HTMLEntityEncoder.encode(name) %>\",\n        \"<%\",\n        \"       }\",\n        \"%> \",\n        \"<\/html>\"\n      ]\n    }\n  ]\n}\n \n","line":25}},{"name":"match response contains deep actualresponse","result":{"duration":819400,"status":"passed"},"match":{"location":"karate","arguments":[]},"keyword":"And","line":26},{"name":"match response.apiName =='JSP JspWriter'","result":{"duration":3271500,"status":"passed"},"match":{"location":"karate","arguments":[]},"keyword":"And","line":27},{"name":"print response.apiName","result":{"duration":2436000,"status":"passed"},"match":{"location":"karate","arguments":[]},"keyword":"And","line":28,"doc_string":{"content_type":"","value":"19:57:33.345 [print] JSP JspWriter \n","line":28}}],"tags":[{"name":"@SmokeTest","line":18}]}],"name":"ArticleEditorController\/GetEditorArticlesID.feature","description":"Get a Open Source Issue Type article","id":"get-a-open-source-issue-type-article","keyword":"Feature","uri":"ArticleEditorController\/GetEditorArticlesID.feature"}]