[{"line":1,"elements":[{"line":3,"name":"","description":"","type":"background","keyword":"Background","steps":[{"name":"url baseurl","result":{"duration":190200,"status":"passed"},"match":{"location":"karate","arguments":[]},"keyword":"Given","line":4,"doc_string":{"content_type":"","value":"19:57:48.626 karate.env system property was: IPAddress \n","line":4}}]},{"line":7,"name":"To Update\/Edit existing Validation Reason","description":"","id":"to-update-edit-existing-validation-reason","type":"scenario","keyword":"Scenario","steps":[{"name":"path '\/secinfo\/api\/v1\/editor\/validationReasons'","result":{"duration":559700,"status":"passed"},"match":{"location":"karate","arguments":[]},"keyword":"Given","line":8},{"name":"def body = read(\"Data\/UpdateValidationReason.json\")","result":{"duration":1921100,"status":"passed"},"match":{"location":"karate","arguments":[]},"keyword":"*","line":9},{"name":"request body","result":{"duration":82800,"status":"passed"},"match":{"location":"karate","arguments":[]},"keyword":"And","line":10},{"name":"method put","result":{"duration":15957600,"status":"passed"},"match":{"location":"karate","arguments":[]},"keyword":"When","line":11,"doc_string":{"content_type":"","value":"19:57:48.642 request:\n1 > PUT http:\/\/localhost:8081\/secinfo\/api\/v1\/editor\/validationReasons\n1 > Content-Type: application\/json; charset=UTF-8\n1 > Content-Length: 36\n1 > Host: localhost:8081\n1 > Connection: Keep-Alive\n1 > User-Agent: Apache-HttpClient\/4.5.13 (Java\/11.0.14.1)\n1 > Accept-Encoding: gzip,deflate\n{\"description\":\"Reason1\",\"id\":\"137\"}\n\n19:57:48.657 response time in milliseconds: 15\n1 < 200\n1 < Content-Type: text\/plain;charset=UTF-8\n1 < Content-Length: 39\n1 < Date: Wed, 28 Sep 2022 14:27:48 GMT\n1 < Keep-Alive: timeout=60\n1 < Connection: keep-alive\nValidation Reason updated successfully.\n","line":11}},{"name":"status 200","result":{"duration":21200,"status":"passed"},"match":{"location":"karate","arguments":[]},"keyword":"Then","line":12},{"name":"print response","result":{"duration":389900,"status":"passed"},"match":{"location":"karate","arguments":[]},"keyword":"And","line":13,"doc_string":{"content_type":"","value":"19:57:48.657 [print] Validation Reason updated successfully. \n","line":13}}],"tags":[{"name":"@SmokeTest","line":6}]}],"name":"CommonMetadataEditorController\/PutValidationReason.feature","description":"Update\/Edit existing Validation Reason","id":"update-edit-existing-validation-reason","keyword":"Feature","uri":"CommonMetadataEditorController\/PutValidationReason.feature"}]