[{"line":1,"elements":[{"line":3,"name":"","description":"","type":"background","keyword":"Background","steps":[{"name":"url baseurl","result":{"duration":87600,"status":"passed"},"match":{"location":"karate","arguments":[]},"keyword":"Given","line":4,"doc_string":{"content_type":"","value":"19:57:47.626 karate.env system property was: IPAddress \n","line":4}}]},{"line":7,"name":"To Create Create Variant","description":"","id":"to-create-create-variant","type":"scenario","keyword":"Scenario","steps":[{"name":"path '\/secinfo\/api\/v1\/editor\/variants'","result":{"duration":426100,"status":"passed"},"match":{"location":"karate","arguments":[]},"keyword":"Given","line":8},{"name":"def body = read(\"Data\/CreateVariant.json\")","result":{"duration":25197300,"status":"passed"},"match":{"location":"karate","arguments":[]},"keyword":"*","line":9},{"name":"request body","result":{"duration":114300,"status":"passed"},"match":{"location":"karate","arguments":[]},"keyword":"And","line":10},{"name":"headers {Accept:'application\/json' , Content-Type :'application\/json'}","result":{"duration":191200,"status":"passed"},"match":{"location":"karate","arguments":[]},"keyword":"And","line":11},{"name":"method post","result":{"duration":167877100,"status":"passed"},"match":{"location":"karate","arguments":[]},"keyword":"When","line":12,"doc_string":{"content_type":"","value":"19:57:47.657 request:\n1 > POST http:\/\/localhost:8081\/secinfo\/api\/v1\/editor\/variants\n1 > Accept: application\/json\n1 > Content-Type: application\/json; charset=UTF-8\n1 > Content-Length: 41\n1 > Host: localhost:8081\n1 > Connection: Keep-Alive\n1 > User-Agent: Apache-HttpClient\/4.5.13 (Java\/11.0.14.1)\n1 > Accept-Encoding: gzip,deflate\n{\"description\":\"Reason\",\"id\":\"VARIANTS1\"}\n\n19:57:47.814 response time in milliseconds: 157\n1 < 201\n1 < Content-Type: application\/json\n1 < Content-Length: 29\n1 < Date: Wed, 28 Sep 2022 14:27:47 GMT\n1 < Keep-Alive: timeout=60\n1 < Connection: keep-alive\nVariant created successfully.\n","line":12}},{"name":"status 201","result":{"duration":17400,"status":"passed"},"match":{"location":"karate","arguments":[]},"keyword":"Then","line":13},{"name":"print response","result":{"duration":435000,"status":"passed"},"match":{"location":"karate","arguments":[]},"keyword":"And","line":14,"doc_string":{"content_type":"","value":"19:57:47.814 [print] Variant created successfully. \n","line":14}}],"tags":[{"name":"@SmokeTest","line":6}]}],"name":"CommonMetadataEditorController\/PostVariant.feature","description":"Create Variant","id":"create-variant","keyword":"Feature","uri":"CommonMetadataEditorController\/PostVariant.feature"}]