[{"line":1,"elements":[{"line":3,"name":"","description":"","type":"background","keyword":"Background","steps":[{"name":"url baseurl +'\/secinfo\/api\/v1\/languages'","result":{"duration":834200,"status":"passed"},"match":{"location":"karate","arguments":[]},"keyword":"Given","line":4,"doc_string":{"content_type":"","value":"19:57:36.314 karate.env system property was: IPAddress \n","line":4}}]},{"line":7,"name":"Positive:To Get a list containing id and display name of supported programming languages.","description":"","id":"positive-to-get-a-list-containing-id-and-display-name-of-supported-programming-languages.","type":"scenario","keyword":"Scenario","steps":[{"name":"method get","result":{"duration":13563200,"status":"passed"},"match":{"location":"karate","arguments":[]},"keyword":"Given","line":8,"doc_string":{"content_type":"","value":"19:57:36.314 request:\n1 > GET http:\/\/localhost:8081\/\/secinfo\/api\/v1\/languages\n1 > Host: localhost:8081\n1 > Connection: Keep-Alive\n1 > User-Agent: Apache-HttpClient\/4.5.13 (Java\/11.0.14.1)\n1 > Accept-Encoding: gzip,deflate\n\n\n19:57:36.329 response time in milliseconds: 15\n1 < 200\n1 < Content-Type: application\/json\n1 < Transfer-Encoding: chunked\n1 < Date: Wed, 28 Sep 2022 14:27:35 GMT\n1 < Keep-Alive: timeout=60\n1 < Connection: keep-alive\n{\"Golang\":\"Golang\",\"Xamarin\":\"Xamarin\",\"CPP\":\"C++\",\"C\":\"C\",\"ColdFusion\":\"ColdFusion\",\"Rpg\":\"RPG\",\"IaC\":\"IaC\",\"Groovy\":\"Groovy\",\"Vb\":\"VB\",\"NodeJS\":\"NodeJS\",\"Angular\":\"Angular\",\"sql\":\"SQL\",\"TypeScript\":\"TypeScript\",\"Terraform\":\"Terraform\",\"PHP\":\"PHP\",\"Objective-C\":\"Objective-C\",\"perl\":\"Perl\",\"Android-Java\":\"Android-Java\",\"Apex\":\"Apex\",\"Csharp\":\"C#\",\"VueJS\":\"VueJS\",\"Python\":\"Python\",\"Asp\":\"ASP\",\"Java\":\"Java\",\"Scala\":\"Scala\",\"React\":\"ReactJS\",\"javascript\":\"JavaScript\",\"Kotlin\":\"Kotlin\",\"ruby\":\"Ruby\",\"DotNet\":\".NET\",\"cobol\":\"Cobol\",\"Swift\":\"Swift\",\"Ionic\":\"Ionic\",\"React Native\":\"React-Native\",\"Vbnet\":\"VB.NET\",\"Dart\":\"Dart\"}\n","line":8}},{"name":"status 200","result":{"duration":9400,"status":"passed"},"match":{"location":"karate","arguments":[]},"keyword":"When","line":9},{"name":"print response","result":{"duration":510800,"status":"passed"},"match":{"location":"karate","arguments":[]},"keyword":"Then","line":10,"doc_string":{"content_type":"","value":"19:57:36.329 [print] {\n  \"Golang\": \"Golang\",\n  \"Xamarin\": \"Xamarin\",\n  \"CPP\": \"C++\",\n  \"C\": \"C\",\n  \"ColdFusion\": \"ColdFusion\",\n  \"Rpg\": \"RPG\",\n  \"IaC\": \"IaC\",\n  \"Groovy\": \"Groovy\",\n  \"Vb\": \"VB\",\n  \"NodeJS\": \"NodeJS\",\n  \"Angular\": \"Angular\",\n  \"sql\": \"SQL\",\n  \"TypeScript\": \"TypeScript\",\n  \"Terraform\": \"Terraform\",\n  \"PHP\": \"PHP\",\n  \"Objective-C\": \"Objective-C\",\n  \"perl\": \"Perl\",\n  \"Android-Java\": \"Android-Java\",\n  \"Apex\": \"Apex\",\n  \"Csharp\": \"C#\",\n  \"VueJS\": \"VueJS\",\n  \"Python\": \"Python\",\n  \"Asp\": \"ASP\",\n  \"Java\": \"Java\",\n  \"Scala\": \"Scala\",\n  \"React\": \"ReactJS\",\n  \"javascript\": \"JavaScript\",\n  \"Kotlin\": \"Kotlin\",\n  \"ruby\": \"Ruby\",\n  \"DotNet\": \".NET\",\n  \"cobol\": \"Cobol\",\n  \"Swift\": \"Swift\",\n  \"Ionic\": \"Ionic\",\n  \"React Native\": \"React-Native\",\n  \"Vbnet\": \"VB.NET\",\n  \"Dart\": \"Dart\"\n}\n \n","line":10}},{"name":"def actualresponse = read(\"Data\/Language.json\")","result":{"duration":2573900,"status":"passed"},"match":{"location":"karate","arguments":[]},"keyword":"*","line":11},{"name":"print \"File==>\", actualresponse","result":{"duration":349600,"status":"passed"},"match":{"location":"karate","arguments":[]},"keyword":"And","line":12,"doc_string":{"content_type":"","value":"19:57:36.329 [print] File==> {\n  \"Golang\": \"Golang\",\n  \"Xamarin\": \"Xamarin\",\n  \"CPP\": \"C++\",\n  \"C\": \"C\",\n  \"ColdFusion\": \"ColdFusion\",\n  \"Rpg\": \"RPG\",\n  \"IaC\": \"IaC\",\n  \"Groovy\": \"Groovy\",\n  \"Vb\": \"VB\",\n  \"NodeJS\": \"NodeJS\",\n  \"Angular\": \"Angular\",\n  \"sql\": \"SQL\",\n  \"TypeScript\": \"TypeScript\",\n  \"Terraform\": \"Terraform\",\n  \"PHP\": \"PHP\",\n  \"Objective-C\": \"Objective-C\",\n  \"perl\": \"Perl\",\n  \"Android-Java\": \"Android-Java\",\n  \"Apex\": \"Apex\",\n  \"Csharp\": \"C#\",\n  \"VueJS\": \"VueJS\",\n  \"Python\": \"Python\",\n  \"Asp\": \"ASP\",\n  \"Java\": \"Java\",\n  \"Scala\": \"Scala\",\n  \"React\": \"ReactJS\",\n  \"javascript\": \"JavaScript\",\n  \"Kotlin\": \"Kotlin\",\n  \"ruby\": \"Ruby\",\n  \"DotNet\": \".NET\",\n  \"cobol\": \"Cobol\",\n  \"Swift\": \"Swift\",\n  \"Ionic\": \"Ionic\",\n  \"React Native\": \"React-Native\",\n  \"Vbnet\": \"VB.NET\",\n  \"Dart\": \"Dart\"\n}\n \n","line":12}},{"name":"match response == actualresponse","result":{"duration":264100,"status":"passed"},"match":{"location":"karate","arguments":[]},"keyword":"And","line":13},{"name":"match header Content-Type == 'application\/json'","result":{"duration":87200,"status":"passed"},"match":{"location":"karate","arguments":[]},"keyword":"And","line":14},{"name":"match header Connection == 'keep-alive'","result":{"duration":55300,"status":"passed"},"match":{"location":"karate","arguments":[]},"keyword":"And","line":15}],"tags":[{"name":"@SmokeTest","line":6}]}],"name":"CommonMetadataController\/GetLanguages.feature","description":"Get Languages","id":"get-languages","keyword":"Feature","uri":"CommonMetadataController\/GetLanguages.feature"}]