[{"line":1,"elements":[{"line":3,"name":"","description":"","type":"background","keyword":"Background","steps":[{"name":"url baseurl","result":{"duration":108100,"status":"passed"},"match":{"location":"karate","arguments":[]},"keyword":"Given","line":4,"doc_string":{"content_type":"","value":"19:57:47.485 karate.env system property was: IPAddress \n","line":4}}]},{"line":7,"name":"To Create Create Validation Reason","description":"","id":"to-create-create-validation-reason","type":"scenario","keyword":"Scenario","steps":[{"name":"path '\/secinfo\/api\/v1\/editor\/validationReasons'","result":{"duration":694900,"status":"passed"},"match":{"location":"karate","arguments":[]},"keyword":"Given","line":8},{"name":"def body = read(\"Data\/CreateValidationReason.json\")","result":{"duration":1496200,"status":"passed"},"match":{"location":"karate","arguments":[]},"keyword":"*","line":9},{"name":"request body","result":{"duration":90600,"status":"passed"},"match":{"location":"karate","arguments":[]},"keyword":"And","line":10},{"name":"headers {Accept:'application\/json' , Content-Type :'application\/json'}","result":{"duration":133000,"status":"passed"},"match":{"location":"karate","arguments":[]},"keyword":"And","line":11},{"name":"method post","result":{"duration":31083400,"status":"passed"},"match":{"location":"karate","arguments":[]},"keyword":"When","line":12,"doc_string":{"content_type":"","value":"19:57:47.485 request:\n1 > POST http:\/\/localhost:8081\/secinfo\/api\/v1\/editor\/validationReasons\n1 > Accept: application\/json\n1 > Content-Type: application\/json; charset=UTF-8\n1 > Content-Length: 35\n1 > Host: localhost:8081\n1 > Connection: Keep-Alive\n1 > User-Agent: Apache-HttpClient\/4.5.13 (Java\/11.0.14.1)\n1 > Accept-Encoding: gzip,deflate\n{\"description\":\"Reason\",\"id\":\"137\"}\n\n19:57:47.517 response time in milliseconds: 32\n1 < 201\n1 < Content-Type: application\/json\n1 < Content-Length: 39\n1 < Date: Wed, 28 Sep 2022 14:27:47 GMT\n1 < Keep-Alive: timeout=60\n1 < Connection: keep-alive\nValidation Reason created successfully.\n","line":12}},{"name":"status 201","result":{"duration":25300,"status":"passed"},"match":{"location":"karate","arguments":[]},"keyword":"Then","line":13},{"name":"print response","result":{"duration":418200,"status":"passed"},"match":{"location":"karate","arguments":[]},"keyword":"And","line":14,"doc_string":{"content_type":"","value":"19:57:47.517 [print] Validation Reason created successfully. \n","line":14}}],"tags":[{"name":"@SmokeTest","line":6}]}],"name":"CommonMetadataEditorController\/PostValidationReason.feature","description":"Create Validation Reason","id":"create-validation-reason","keyword":"Feature","uri":"CommonMetadataEditorController\/PostValidationReason.feature"}]