[{"line":1,"elements":[{"line":3,"name":"","description":"","type":"background","keyword":"Background","steps":[{"name":"url baseurl +'\/secinfo\/api\/v1\/version'","result":{"duration":535500,"status":"passed"},"match":{"location":"karate","arguments":[]},"keyword":"Given","line":4,"doc_string":{"content_type":"","value":"19:57:46.228 karate.env system property was: IPAddress \n","line":4}}]},{"line":7,"name":"Positive:To Get version info of AppScan Security server and Issue Type metadata","description":"","id":"positive-to-get-version-info-of-appscan-security-server-and-issue-type-metadata","type":"scenario","keyword":"Scenario","steps":[{"name":"method get","result":{"duration":14512000,"status":"passed"},"match":{"location":"karate","arguments":[]},"keyword":"Given","line":8,"doc_string":{"content_type":"","value":"19:57:46.228 request:\n1 > GET http:\/\/localhost:8081\/\/secinfo\/api\/v1\/version\n1 > Host: localhost:8081\n1 > Connection: Keep-Alive\n1 > User-Agent: Apache-HttpClient\/4.5.13 (Java\/11.0.14.1)\n1 > Accept-Encoding: gzip,deflate\n\n\n19:57:46.244 response time in milliseconds: 16\n1 < 200\n1 < Content-Type: application\/json\n1 < Transfer-Encoding: chunked\n1 < Date: Wed, 28 Sep 2022 14:27:46 GMT\n1 < Keep-Alive: timeout=60\n1 < Connection: keep-alive\n{\"issueTypeVersion\":\"8\",\"version\":\"2.0.0-117GA\"}\n","line":8}},{"name":"status 200","result":{"duration":18500,"status":"passed"},"match":{"location":"karate","arguments":[]},"keyword":"When","line":9},{"name":"print response","result":{"duration":928500,"status":"passed"},"match":{"location":"karate","arguments":[]},"keyword":"Then","line":10,"doc_string":{"content_type":"","value":"19:57:46.244 [print] {\n  \"issueTypeVersion\": \"8\",\n  \"version\": \"2.0.0-117GA\"\n}\n \n","line":10}}],"tags":[{"name":"@SmokeTest","line":6}]}],"name":"CommonMetadataController\/GetVersion.feature","description":"Get Version","id":"get-version","keyword":"Feature","uri":"CommonMetadataController\/GetVersion.feature"}]