[{"line":1,"elements":[{"line":3,"name":"","description":"","type":"background","keyword":"Background","steps":[{"name":"url baseurl","result":{"duration":94500,"status":"passed"},"match":{"location":"karate","arguments":[]},"keyword":"Given","line":4,"doc_string":{"content_type":"","value":"19:57:46.985 karate.env system property was: IPAddress \n","line":4}}]},{"line":7,"name":"To Create Risk","description":"","id":"to-create-risk","type":"scenario","keyword":"Scenario","steps":[{"name":"path '\/secinfo\/api\/v1\/editor\/risks'","result":{"duration":418600,"status":"passed"},"match":{"location":"karate","arguments":[]},"keyword":"Given","line":8},{"name":"def body = read(\"Data\/CreateRisk.json\")","result":{"duration":1338700,"status":"passed"},"match":{"location":"karate","arguments":[]},"keyword":"*","line":9},{"name":"request body","result":{"duration":71500,"status":"passed"},"match":{"location":"karate","arguments":[]},"keyword":"And","line":10},{"name":"headers {Accept:'application\/json' , Content-Type :'application\/json'}","result":{"duration":127200,"status":"passed"},"match":{"location":"karate","arguments":[]},"keyword":"And","line":11},{"name":"method post","result":{"duration":14397700,"status":"passed"},"match":{"location":"karate","arguments":[]},"keyword":"When","line":12,"doc_string":{"content_type":"","value":"19:57:46.985 request:\n1 > POST http:\/\/localhost:8081\/secinfo\/api\/v1\/editor\/risks\n1 > Accept: application\/json\n1 > Content-Type: application\/json; charset=UTF-8\n1 > Content-Length: 31\n1 > Host: localhost:8081\n1 > Connection: Keep-Alive\n1 > User-Agent: Apache-HttpClient\/4.5.13 (Java\/11.0.14.1)\n1 > Accept-Encoding: gzip,deflate\n{\"description\":\"Risk\",\"id\":\"8\"}\n\n19:57:47.001 response time in milliseconds: 16\n1 < 201\n1 < Content-Type: application\/json\n1 < Content-Length: 26\n1 < Date: Wed, 28 Sep 2022 14:27:46 GMT\n1 < Keep-Alive: timeout=60\n1 < Connection: keep-alive\nRisk created successfully.\n","line":12}},{"name":"status 201","result":{"duration":19100,"status":"passed"},"match":{"location":"karate","arguments":[]},"keyword":"Then","line":13},{"name":"print response","result":{"duration":312500,"status":"passed"},"match":{"location":"karate","arguments":[]},"keyword":"And","line":14,"doc_string":{"content_type":"","value":"19:57:47.001 [print] Risk created successfully. \n","line":14}}],"tags":[{"name":"@SmokeTest","line":6}]}],"name":"CommonMetadataEditorController\/PostRisk.feature","description":"Create Risk","id":"create-risk","keyword":"Feature","uri":"CommonMetadataEditorController\/PostRisk.feature"}]