[{"line":1,"elements":[{"line":3,"name":"","description":"","type":"background","keyword":"Background","steps":[{"name":"url baseurl","result":{"duration":106800,"status":"passed"},"match":{"location":"karate","arguments":[]},"keyword":"Given","line":4,"doc_string":{"content_type":"","value":"19:57:48.095 karate.env system property was: IPAddress \n","line":4}}]},{"line":7,"name":"To Update\/Edit existing category","description":"","id":"to-update-edit-existing-category","type":"scenario","keyword":"Scenario","steps":[{"name":"path '\/secinfo\/api\/v1\/editor\/categories'","result":{"duration":32700,"status":"passed"},"match":{"location":"karate","arguments":[]},"keyword":"Given","line":8},{"name":"def body = read(\"Data\/UpdateCategory.json\")","result":{"duration":2452500,"status":"passed"},"match":{"location":"karate","arguments":[]},"keyword":"*","line":9},{"name":"request body","result":{"duration":83700,"status":"passed"},"match":{"location":"karate","arguments":[]},"keyword":"And","line":10},{"name":"method put","result":{"duration":63145400,"status":"passed"},"match":{"location":"karate","arguments":[]},"keyword":"When","line":11,"doc_string":{"content_type":"","value":"19:57:48.095 request:\n1 > PUT http:\/\/localhost:8081\/secinfo\/api\/v1\/editor\/categories\n1 > Content-Type: application\/json; charset=UTF-8\n1 > Content-Length: 38\n1 > Host: localhost:8081\n1 > Connection: Keep-Alive\n1 > User-Agent: Apache-HttpClient\/4.5.13 (Java\/11.0.14.1)\n1 > Accept-Encoding: gzip,deflate\n{\"description\":\"Category1\",\"id\":\"121\"}\n\n19:57:48.157 response time in milliseconds: 62\n1 < 200\n1 < Content-Type: text\/plain;charset=UTF-8\n1 < Content-Length: 30\n1 < Date: Wed, 28 Sep 2022 14:27:47 GMT\n1 < Keep-Alive: timeout=60\n1 < Connection: keep-alive\nCategory updated successfully.\n","line":11}},{"name":"status 200","result":{"duration":29300,"status":"passed"},"match":{"location":"karate","arguments":[]},"keyword":"Then","line":12},{"name":"print response","result":{"duration":323600,"status":"passed"},"match":{"location":"karate","arguments":[]},"keyword":"And","line":13,"doc_string":{"content_type":"","value":"19:57:48.157 [print] Category updated successfully. \n","line":13}},{"name":"print response.description","result":{"duration":2651700,"status":"passed"},"match":{"location":"karate","arguments":[]},"keyword":"And","line":14,"doc_string":{"content_type":"","value":"19:57:48.157 [print] null \n","line":14}},{"name":"print response.id","result":{"duration":877000,"status":"passed"},"match":{"location":"karate","arguments":[]},"keyword":"And","line":15,"doc_string":{"content_type":"","value":"19:57:48.157 [print] null \n","line":15}}],"tags":[{"name":"@SmokeTest","line":6}]}],"name":"CommonMetadataEditorController\/PutCategory.feature","description":"Update\/Edit existing category","id":"update-edit-existing-category","keyword":"Feature","uri":"CommonMetadataEditorController\/PutCategory.feature"}]