[{"line":1,"elements":[{"line":2,"name":"","description":"","type":"background","keyword":"Background","steps":[{"name":"url baseurl","result":{"duration":87400,"status":"passed"},"match":{"location":"karate","arguments":[]},"keyword":"Given","line":3,"doc_string":{"content_type":"","value":"19:57:48.720 karate.env system property was: IPAddress \n","line":3}}]},{"line":6,"name":"To Update\/Edit existing Variant","description":"","id":"to-update-edit-existing-variant","type":"scenario","keyword":"Scenario","steps":[{"name":"path '\/secinfo\/api\/v1\/editor\/variants'","result":{"duration":413500,"status":"passed"},"match":{"location":"karate","arguments":[]},"keyword":"Given","line":7},{"name":"def body = read(\"Data\/UpdateVariant.json\")","result":{"duration":1530700,"status":"passed"},"match":{"location":"karate","arguments":[]},"keyword":"*","line":8},{"name":"request body","result":{"duration":67300,"status":"passed"},"match":{"location":"karate","arguments":[]},"keyword":"And","line":9},{"name":"method put","result":{"duration":51404200,"status":"passed"},"match":{"location":"karate","arguments":[]},"keyword":"When","line":10,"doc_string":{"content_type":"","value":"19:57:48.735 request:\n1 > PUT http:\/\/localhost:8081\/secinfo\/api\/v1\/editor\/variants\n1 > Content-Type: application\/json; charset=UTF-8\n1 > Content-Length: 42\n1 > Host: localhost:8081\n1 > Connection: Keep-Alive\n1 > User-Agent: Apache-HttpClient\/4.5.13 (Java\/11.0.14.1)\n1 > Accept-Encoding: gzip,deflate\n{\"description\":\"Reason1\",\"id\":\"VARIANTS1\"}\n\n19:57:48.782 response time in milliseconds: 47\n1 < 200\n1 < Content-Type: text\/plain;charset=UTF-8\n1 < Content-Length: 29\n1 < Date: Wed, 28 Sep 2022 14:27:48 GMT\n1 < Keep-Alive: timeout=60\n1 < Connection: keep-alive\nVariant updated successfully.\n","line":10}},{"name":"status 200","result":{"duration":28400,"status":"passed"},"match":{"location":"karate","arguments":[]},"keyword":"Then","line":11},{"name":"print response","result":{"duration":415200,"status":"passed"},"match":{"location":"karate","arguments":[]},"keyword":"And","line":12,"doc_string":{"content_type":"","value":"19:57:48.782 [print] Variant updated successfully. \n","line":12}}],"tags":[{"name":"@SmokeTest","line":5}]}],"name":"CommonMetadataEditorController\/PutVariant.feature","description":"Update\/Edit existing Variant","id":"update-edit-existing-variant","keyword":"Feature","uri":"CommonMetadataEditorController\/PutVariant.feature"}]