[{"line":1,"elements":[{"line":3,"name":"","description":"","type":"background","keyword":"Background","steps":[{"name":"url baseurl","result":{"duration":116000,"status":"passed"},"match":{"location":"karate","arguments":[]},"keyword":"Given","line":4,"doc_string":{"content_type":"","value":"19:57:46.501 karate.env system property was: IPAddress \n","line":4}}]},{"line":7,"name":"To Create Cause","description":"","id":"to-create-cause","type":"scenario","keyword":"Scenario","steps":[{"name":"path '\/secinfo\/api\/v1\/editor\/causes'","result":{"duration":436200,"status":"passed"},"match":{"location":"karate","arguments":[]},"keyword":"Given","line":8},{"name":"def body = read(\"Data\/CreateCause.json\")","result":{"duration":1292200,"status":"passed"},"match":{"location":"karate","arguments":[]},"keyword":"*","line":9},{"name":"request body","result":{"duration":70800,"status":"passed"},"match":{"location":"karate","arguments":[]},"keyword":"And","line":10},{"name":"headers {Accept:'application\/json' , Content-Type :'application\/json'}","result":{"duration":128800,"status":"passed"},"match":{"location":"karate","arguments":[]},"keyword":"And","line":11},{"name":"method post","result":{"duration":112085100,"status":"passed"},"match":{"location":"karate","arguments":[]},"keyword":"When","line":12,"doc_string":{"content_type":"","value":"19:57:46.501 request:\n1 > POST http:\/\/localhost:8081\/secinfo\/api\/v1\/editor\/causes\n1 > Accept: application\/json\n1 > Content-Type: application\/json; charset=UTF-8\n1 > Content-Length: 42\n1 > Host: localhost:8081\n1 > Connection: Keep-Alive\n1 > User-Agent: Apache-HttpClient\/4.5.13 (Java\/11.0.14.1)\n1 > Accept-Encoding: gzip,deflate\n{\"description\":\"Cause1234\",\"id\":\"Cause_4\"}\n\n19:57:46.610 response time in milliseconds: 109\n1 < 201\n1 < Content-Type: application\/json\n1 < Content-Length: 27\n1 < Date: Wed, 28 Sep 2022 14:27:46 GMT\n1 < Keep-Alive: timeout=60\n1 < Connection: keep-alive\nCause created successfully.\n","line":12}},{"name":"status 201","result":{"duration":14700,"status":"passed"},"match":{"location":"karate","arguments":[]},"keyword":"Then","line":13},{"name":"print response","result":{"duration":426900,"status":"passed"},"match":{"location":"karate","arguments":[]},"keyword":"And","line":14,"doc_string":{"content_type":"","value":"19:57:46.610 [print] Cause created successfully. \n","line":14}}],"tags":[{"name":"@SmokeTest","line":6}]}],"name":"CommonMetadataEditorController\/PostCause.feature","description":"Create Cause","id":"create-cause","keyword":"Feature","uri":"CommonMetadataEditorController\/PostCause.feature"}]