[{"line":1,"elements":[{"line":3,"name":"","description":"","type":"background","keyword":"Background","steps":[{"name":"url baseurl","result":{"duration":50500,"status":"passed"},"match":{"location":"karate","arguments":[]},"keyword":"Given","line":4,"doc_string":{"content_type":"","value":"19:57:48.396 karate.env system property was: IPAddress \n","line":4}}]},{"line":7,"name":"To Update\/Edit existing Cause","description":"","id":"to-update-edit-existing-cause","type":"scenario","keyword":"Scenario","steps":[{"name":"path '\/secinfo\/api\/v1\/editor\/remediations'","result":{"duration":282700,"status":"passed"},"match":{"location":"karate","arguments":[]},"keyword":"Given","line":8},{"name":"def body = read(\"Data\/UpdateRemediation.json\")","result":{"duration":963200,"status":"passed"},"match":{"location":"karate","arguments":[]},"keyword":"*","line":9},{"name":"request body","result":{"duration":68800,"status":"passed"},"match":{"location":"karate","arguments":[]},"keyword":"And","line":10},{"name":"method put","result":{"duration":8738200,"status":"passed"},"match":{"location":"karate","arguments":[]},"keyword":"When","line":11,"doc_string":{"content_type":"","value":"19:57:48.396 request:\n1 > PUT http:\/\/localhost:8081\/secinfo\/api\/v1\/editor\/remediations\n1 > Content-Type: application\/json; charset=UTF-8\n1 > Content-Length: 46\n1 > Host: localhost:8081\n1 > Connection: Keep-Alive\n1 > User-Agent: Apache-HttpClient\/4.5.13 (Java\/11.0.14.1)\n1 > Accept-Encoding: gzip,deflate\n{\"description\":\"Remediation1\",\"id\":\"fix_7111\"}\n\n19:57:48.412 response time in milliseconds: 16\n1 < 200\n1 < Content-Type: text\/plain;charset=UTF-8\n1 < Content-Length: 33\n1 < Date: Wed, 28 Sep 2022 14:27:47 GMT\n1 < Keep-Alive: timeout=60\n1 < Connection: keep-alive\nRemediation updated successfully.\n","line":11}},{"name":"status 200","result":{"duration":9300,"status":"passed"},"match":{"location":"karate","arguments":[]},"keyword":"Then","line":12},{"name":"print response","result":{"duration":174300,"status":"passed"},"match":{"location":"karate","arguments":[]},"keyword":"And","line":13,"doc_string":{"content_type":"","value":"19:57:48.412 [print] Remediation updated successfully. \n","line":13}}],"tags":[{"name":"@SmokeTest","line":6}]}],"name":"CommonMetadataEditorController\/PutRemediation.feature","description":"Update\/Edit existing Remediation","id":"update-edit-existing-remediation","keyword":"Feature","uri":"CommonMetadataEditorController\/PutRemediation.feature"}]