[{"line":1,"elements":[{"line":3,"name":"","description":"","type":"background","keyword":"Background","steps":[{"name":"url baseurl","result":{"duration":86600,"status":"passed"},"match":{"location":"karate","arguments":[]},"keyword":"Given","line":4,"doc_string":{"content_type":"","value":"19:57:48.329 karate.env system property was: IPAddress \n","line":4}}]},{"line":7,"name":"To Update\/Edit existing Cause","description":"","id":"to-update-edit-existing-cause","type":"scenario","keyword":"Scenario","steps":[{"name":"path '\/secinfo\/api\/v1\/editor\/causes'","result":{"duration":848000,"status":"passed"},"match":{"location":"karate","arguments":[]},"keyword":"Given","line":8},{"name":"def body = read(\"Data\/UpdateCause.json\")","result":{"duration":1231900,"status":"passed"},"match":{"location":"karate","arguments":[]},"keyword":"*","line":9},{"name":"request body","result":{"duration":346800,"status":"passed"},"match":{"location":"karate","arguments":[]},"keyword":"And","line":10},{"name":"method put","result":{"duration":9106300,"status":"passed"},"match":{"location":"karate","arguments":[]},"keyword":"When","line":11,"doc_string":{"content_type":"","value":"19:57:48.329 request:\n1 > PUT http:\/\/localhost:8081\/secinfo\/api\/v1\/editor\/causes\n1 > Content-Type: application\/json; charset=UTF-8\n1 > Content-Length: 40\n1 > Host: localhost:8081\n1 > Connection: Keep-Alive\n1 > User-Agent: Apache-HttpClient\/4.5.13 (Java\/11.0.14.1)\n1 > Accept-Encoding: gzip,deflate\n{\"description\":\"Cause12\",\"id\":\"Cause_4\"}\n\n19:57:48.345 response time in milliseconds: 16\n1 < 200\n1 < Content-Type: text\/plain;charset=UTF-8\n1 < Content-Length: 27\n1 < Date: Wed, 28 Sep 2022 14:27:47 GMT\n1 < Keep-Alive: timeout=60\n1 < Connection: keep-alive\nCause updated successfully.\n","line":11}},{"name":"status 200","result":{"duration":8100,"status":"passed"},"match":{"location":"karate","arguments":[]},"keyword":"Then","line":12},{"name":"print response","result":{"duration":614000,"status":"passed"},"match":{"location":"karate","arguments":[]},"keyword":"And","line":13,"doc_string":{"content_type":"","value":"19:57:48.345 [print] Cause updated successfully. \n","line":13}}],"tags":[{"name":"@SmokeTest","line":6}]}],"name":"CommonMetadataEditorController\/PutCause.feature","description":"Update\/Edit existing Cause","id":"update-edit-existing-cause","keyword":"Feature","uri":"CommonMetadataEditorController\/PutCause.feature"}]