[{"line":1,"elements":[{"line":3,"name":"","description":"","type":"background","keyword":"Background","steps":[{"name":"url baseurl + '\/secinfo\/api\/v1\/issuetypes'","result":{"duration":600500,"status":"passed"},"match":{"location":"karate","arguments":[]},"keyword":"Given","line":4,"doc_string":{"content_type":"","value":"19:58:08.454 karate.env system property was: IPAddress \n","line":4}}]},{"line":7,"name":"To Retrieve the attributes for a specified set of issue types","description":"","id":"to-retrieve-the-attributes-for-a-specified-set-of-issue-types","type":"scenario","keyword":"Scenario","steps":[{"name":"def query = {ids :'attSqlInjectionChecks',attributes :'all',nl :'en'}","result":{"duration":230800,"status":"passed"},"match":{"location":"karate","arguments":[]},"keyword":"*","line":8},{"name":"params query","result":{"duration":123900,"status":"passed"},"match":{"location":"karate","arguments":[]},"keyword":"Given","line":9},{"name":"method post","result":{"duration":11905300,"status":"passed"},"match":{"location":"karate","arguments":[]},"keyword":"When","line":10,"doc_string":{"content_type":"","value":"19:58:08.454 request:\n1 > POST http:\/\/localhost:8081\/\/secinfo\/api\/v1\/issuetypes?ids=attSqlInjectionChecks&attributes=all&nl=en\n1 > Host: localhost:8081\n1 > Connection: Keep-Alive\n1 > User-Agent: Apache-HttpClient\/4.5.13 (Java\/11.0.14.1)\n1 > Accept-Encoding: gzip,deflate\n\n\n19:58:08.470 response time in milliseconds: 16\n1 < 200\n1 < Content-Type: application\/json\n1 < Transfer-Encoding: chunked\n1 < Date: Wed, 28 Sep 2022 14:28:08 GMT\n1 < Keep-Alive: timeout=60\n1 < Connection: keep-alive\n1 < Set-Cookie: org.springframework.web.servlet.i18n.CookieLocaleResolver.LOCALE=en; Domain=localhost\n[{\"cwe\":\"89\",\"remediation\":\"fix_52000\",\"cve\":null,\"risks\":[\"databaseManipulations\"],\"invasive\":false,\"causes\":[\"hazardousCharactersNotSanitized\"],\"name\":\"SQL Injection\",\"articleid\":\"Injection.SQL\",\"id\":\"attSqlInjectionChecks\",\"defaultSeverity\":\"High\",\"category\":\"catSQLInjection\",\"test_type\":\"Application\"}]\n","line":10}},{"name":"status 200","result":{"duration":18000,"status":"passed"},"match":{"location":"karate","arguments":[]},"keyword":"Then","line":11},{"name":"print response","result":{"duration":375300,"status":"passed"},"match":{"location":"karate","arguments":[]},"keyword":"And","line":12,"doc_string":{"content_type":"","value":"19:58:08.470 [print] [\n  {\n    \"cwe\": \"89\",\n    \"remediation\": \"fix_52000\",\n    \"cve\": null,\n    \"risks\": [\n      \"databaseManipulations\"\n    ],\n    \"invasive\": false,\n    \"causes\": [\n      \"hazardousCharactersNotSanitized\"\n    ],\n    \"name\": \"SQL Injection\",\n    \"articleid\": \"Injection.SQL\",\n    \"id\": \"attSqlInjectionChecks\",\n    \"defaultSeverity\": \"High\",\n    \"category\": \"catSQLInjection\",\n    \"test_type\": \"Application\"\n  }\n]\n \n","line":12}}],"tags":[{"name":"@SmokeTest","line":6}]}],"name":"IssueTypeController\/PostIssueType.feature","description":"Retrieve the attributes for a specified set of issue types","id":"retrieve-the-attributes-for-a-specified-set-of-issue-types","keyword":"Feature","uri":"IssueTypeController\/PostIssueType.feature"}]