[{"line":1,"elements":[{"line":3,"name":"","description":"","type":"background","keyword":"Background","steps":[{"name":"url baseurl +'\/secinfo\/api\/v1\/editor\/metadata_status'","result":{"duration":643500,"status":"passed"},"match":{"location":"karate","arguments":[]},"keyword":"Given","line":4,"doc_string":{"content_type":"","value":"19:58:08.532 karate.env system property was: IPAddress \n","line":4}}]},{"line":7,"name":"Positive:To Get issue type and article inconsistencies.","description":"","id":"positive-to-get-issue-type-and-article-inconsistencies.","type":"scenario","keyword":"Scenario","steps":[{"name":"method get","result":{"duration":274217300,"status":"passed"},"match":{"location":"karate","arguments":[]},"keyword":"Given","line":8,"doc_string":{"content_type":"","value":"19:58:08.532 request:\n1 > GET http:\/\/localhost:8081\/\/secinfo\/api\/v1\/editor\/metadata_status\n1 > Host: localhost:8081\n1 > Connection: Keep-Alive\n1 > User-Agent: Apache-HttpClient\/4.5.13 (Java\/11.0.14.1)\n1 > Accept-Encoding: gzip,deflate\n\n\n19:58:08.798 response time in milliseconds: 266\n1 < 200\n1 < Content-Type: application\/json\n1 < Transfer-Encoding: chunked\n1 < Date: Wed, 28 Sep 2022 14:28:08 GMT\n1 < Keep-Alive: timeout=60\n1 < Connection: keep-alive\n{\"UNUSED_ARTICLE\":[\"attNullByte\",\"GVJSONXSS\",\"PathTraversalPartialControl\",\"attSensitiveInHtmlComments\",\"GVStoredRespSplit\",\"MHTMLXSS\",\"attNoHttpsRedirection\",\"attFormatStringsInvasive\",\"CrossSiteScripting.Client\",\"attRedirectInURL\",\"attCachedLogin\",\"GVStoredXSS\",\"NTest\",\"CrossSiteScripting.ClientStored\",\"attUserAgentXSS\",\"attParamOverflow\",\"attFormatStrings\",\"attRedirectInURLinclusive\",\"attHttpsToHttp\",\"attDebugFlag\",\"PotentialFileUpload\",\"attMSSQLInjection\",\"attLoginNotOverSSL\",\"attNullByteUnix\",\"XSSThroughRFI\"],\"INVALID_ARTICLE\":[],\"MISSING_ARTICLE\":[\"probeXpath\",\"probeLDAP\"]}\n","line":8}},{"name":"status 200","result":{"duration":33200,"status":"passed"},"match":{"location":"karate","arguments":[]},"keyword":"When","line":9},{"name":"print response","result":{"duration":492300,"status":"passed"},"match":{"location":"karate","arguments":[]},"keyword":"Then","line":10,"doc_string":{"content_type":"","value":"19:58:08.798 [print] {\n  \"UNUSED_ARTICLE\": [\n    \"attNullByte\",\n    \"GVJSONXSS\",\n    \"PathTraversalPartialControl\",\n    \"attSensitiveInHtmlComments\",\n    \"GVStoredRespSplit\",\n    \"MHTMLXSS\",\n    \"attNoHttpsRedirection\",\n    \"attFormatStringsInvasive\",\n    \"CrossSiteScripting.Client\",\n    \"attRedirectInURL\",\n    \"attCachedLogin\",\n    \"GVStoredXSS\",\n    \"NTest\",\n    \"CrossSiteScripting.ClientStored\",\n    \"attUserAgentXSS\",\n    \"attParamOverflow\",\n    \"attFormatStrings\",\n    \"attRedirectInURLinclusive\",\n    \"attHttpsToHttp\",\n    \"attDebugFlag\",\n    \"PotentialFileUpload\",\n    \"attMSSQLInjection\",\n    \"attLoginNotOverSSL\",\n    \"attNullByteUnix\",\n    \"XSSThroughRFI\"\n  ],\n  \"INVALID_ARTICLE\": [\n  ],\n  \"MISSING_ARTICLE\": [\n    \"probeXpath\",\n    \"probeLDAP\"\n  ]\n}\n \n","line":10}},{"name":"def actualresponse = read(\"Data\/MetadataStatus.json\")","result":{"duration":2495800,"status":"passed"},"match":{"location":"karate","arguments":[]},"keyword":"*","line":11},{"name":"match header Content-Type == 'application\/json'","result":{"duration":123600,"status":"passed"},"match":{"location":"karate","arguments":[]},"keyword":"And","line":12},{"name":"match header Connection == 'keep-alive'","result":{"duration":68000,"status":"passed"},"match":{"location":"karate","arguments":[]},"keyword":"And","line":13}],"tags":[{"name":"@SmokeTest","line":6}]}],"name":"IssueTypeEditorController\/GetEditorMetadataStatus.feature","description":"Get Editor MetadataStatus","id":"get-editor-metadatastatus","keyword":"Feature","uri":"IssueTypeEditorController\/GetEditorMetadataStatus.feature"}]