[{"line":1,"elements":[{"line":3,"name":"","description":"","type":"background","keyword":"Background","steps":[{"name":"url baseurl","result":{"duration":68900,"status":"passed"},"match":{"location":"karate","arguments":[]},"keyword":"Given","line":4,"doc_string":{"content_type":"","value":"19:58:08.860 karate.env system property was: IPAddress \n","line":4}}]},{"line":7,"name":"To Create new Issue Type","description":"","id":"to-create-new-issue-type","type":"scenario","keyword":"Scenario","steps":[{"name":"path '\/secinfo\/api\/v1\/editor\/issuetypes'","result":{"duration":414700,"status":"passed"},"match":{"location":"karate","arguments":[]},"keyword":"Given","line":8},{"name":"def body = read(\"Data\/CreateEditorIssueType.json\")","result":{"duration":1418600,"status":"passed"},"match":{"location":"karate","arguments":[]},"keyword":"*","line":9},{"name":"request body","result":{"duration":47700,"status":"passed"},"match":{"location":"karate","arguments":[]},"keyword":"And","line":10},{"name":"headers {Accept:'application\/json' , Content-Type :'application\/json'}","result":{"duration":115300,"status":"passed"},"match":{"location":"karate","arguments":[]},"keyword":"And","line":11},{"name":"method post","result":{"duration":196688900,"status":"passed"},"match":{"location":"karate","arguments":[]},"keyword":"When","line":12,"doc_string":{"content_type":"","value":"19:58:08.860 request:\n1 > POST http:\/\/localhost:8081\/secinfo\/api\/v1\/editor\/issuetypes\n1 > Accept: application\/json\n1 > Content-Type: application\/json; charset=UTF-8\n1 > Content-Length: 255\n1 > Host: localhost:8081\n1 > Connection: Keep-Alive\n1 > User-Agent: Apache-HttpClient\/4.5.13 (Java\/11.0.14.1)\n1 > Accept-Encoding: gzip,deflate\n{\"articleid\":\"NewArticle\",\"category\":\"catPathTraversal\",\"causes\":[\"WB_DBAccess\"],\"cve\":\"12\",\"cwe\":\"11\",\"defaultSeverity\":\"high\",\"id\":\"123\",\"invasive\":false,\"name\":\"NewIssueType\",\"remediation\":\"fix_50010\",\"risks\":[\"WB_anyFileAccess\"],\"test_type\":\"newtest\"}\n\n19:58:09.048 response time in milliseconds: 188\n1 < 201\n1 < Content-Type: application\/json\n1 < Content-Length: 39\n1 < Date: Wed, 28 Sep 2022 14:28:08 GMT\n1 < Keep-Alive: timeout=60\n1 < Connection: keep-alive\nIssue Type ID 123 created successfully.\n","line":12}},{"name":"status 201","result":{"duration":14100,"status":"passed"},"match":{"location":"karate","arguments":[]},"keyword":"Then","line":13},{"name":"print response","result":{"duration":470600,"status":"passed"},"match":{"location":"karate","arguments":[]},"keyword":"And","line":14,"doc_string":{"content_type":"","value":"19:58:09.048 [print] Issue Type ID 123 created successfully. \n","line":14}}],"tags":[{"name":"@SmokeTest","line":6}]}],"name":"IssueTypeEditorController\/PostEditorIssueType.feature","description":"Create new Issue Type","id":"create-new-issue-type","keyword":"Feature","uri":"IssueTypeEditorController\/PostEditorIssueType.feature"}]