[{"line":1,"elements":[{"line":3,"name":"","description":"","type":"background","keyword":"Background","steps":[{"name":"url baseurl","result":{"duration":70200,"status":"passed"},"match":{"location":"karate","arguments":[]},"keyword":"Given","line":4,"doc_string":{"content_type":"","value":"19:58:09.110 karate.env system property was: IPAddress \n","line":4}}]},{"line":7,"name":"Update\/Edit existing IssueType","description":"","id":"update-edit-existing-issuetype","type":"scenario","keyword":"Scenario","steps":[{"name":"path '\/secinfo\/api\/v1\/editor\/issuetypes'","result":{"duration":25400,"status":"passed"},"match":{"location":"karate","arguments":[]},"keyword":"Given","line":8},{"name":"def body = read(\"Data\/UpdateEditorIssueType.json\")","result":{"duration":1545700,"status":"passed"},"match":{"location":"karate","arguments":[]},"keyword":"*","line":9},{"name":"request body","result":{"duration":48700,"status":"passed"},"match":{"location":"karate","arguments":[]},"keyword":"And","line":10},{"name":"method put","result":{"duration":180935900,"status":"passed"},"match":{"location":"karate","arguments":[]},"keyword":"When","line":11,"doc_string":{"content_type":"","value":"19:58:09.110 request:\n1 > PUT http:\/\/localhost:8081\/secinfo\/api\/v1\/editor\/issuetypes\n1 > Content-Type: application\/json; charset=UTF-8\n1 > Content-Length: 256\n1 > Host: localhost:8081\n1 > Connection: Keep-Alive\n1 > User-Agent: Apache-HttpClient\/4.5.13 (Java\/11.0.14.1)\n1 > Accept-Encoding: gzip,deflate\n{\"articleid\":\"NewArticle1\",\"category\":\"catPathTraversal\",\"causes\":[\"WB_DBAccess\"],\"cve\":\"12\",\"cwe\":\"11\",\"defaultSeverity\":\"high\",\"id\":\"123\",\"invasive\":false,\"name\":\"NewIssueType\",\"remediation\":\"fix_50010\",\"risks\":[\"WB_anyFileAccess\"],\"test_type\":\"newtest\"}\n\n19:58:09.282 response time in milliseconds: 172\n1 < 200\n1 < Content-Type: text\/plain;charset=UTF-8\n1 < Content-Length: 39\n1 < Date: Wed, 28 Sep 2022 14:28:08 GMT\n1 < Keep-Alive: timeout=60\n1 < Connection: keep-alive\nIssue Type ID 123 updated successfully.\n","line":11}},{"name":"status 200","result":{"duration":14300,"status":"passed"},"match":{"location":"karate","arguments":[]},"keyword":"Then","line":12},{"name":"print response","result":{"duration":307600,"status":"passed"},"match":{"location":"karate","arguments":[]},"keyword":"And","line":13,"doc_string":{"content_type":"","value":"19:58:09.282 [print] Issue Type ID 123 updated successfully. \n","line":13}}],"tags":[{"name":"@SmokeTest","line":6}]}],"name":"IssueTypeEditorController\/PutEditorIssueType.feature","description":"Update\/Edit existing IssueType","id":"update-edit-existing-issuetype","keyword":"Feature","uri":"IssueTypeEditorController\/PutEditorIssueType.feature"}]