[{"line":1,"elements":[{"line":3,"name":"","description":"","type":"background","keyword":"Background","steps":[{"name":"url baseurl + '\/secinfo\/api\/v1\/issuetypes\/attSqlInjectionChecks'","result":{"duration":527700,"status":"passed"},"match":{"location":"karate","arguments":[]},"keyword":"Given","line":4,"doc_string":{"content_type":"","value":"19:58:08.313 karate.env system property was: IPAddress \n","line":4}}]},{"line":7,"name":"Get an article by issuetype id","description":"","id":"get-an-article-by-issuetype-id","type":"scenario","keyword":"Scenario","steps":[{"name":"def query = {\"attributes\":[\"name\",\"id\",\"defaultSeverity\",\"category\",\"remediation\",\"test_type\",\"cwe\",\"cve\",\"invasive\",\"articleid\",\"risks\"]}","result":{"duration":258100,"status":"passed"},"match":{"location":"karate","arguments":[]},"keyword":"*","line":8},{"name":"params query","result":{"duration":137000,"status":"passed"},"match":{"location":"karate","arguments":[]},"keyword":"Given","line":9},{"name":"method get","result":{"duration":22968100,"status":"passed"},"match":{"location":"karate","arguments":[]},"keyword":"When","line":10,"doc_string":{"content_type":"","value":"19:58:08.313 request:\n1 > GET http:\/\/localhost:8081\/\/secinfo\/api\/v1\/issuetypes\/attSqlInjectionChecks?attributes=name&attributes=id&attributes=defaultSeverity&attributes=category&attributes=remediation&attributes=test_type&attributes=cwe&attributes=cve&attributes=invasive&attributes=articleid&attributes=risks\n1 > Host: localhost:8081\n1 > Connection: Keep-Alive\n1 > User-Agent: Apache-HttpClient\/4.5.13 (Java\/11.0.14.1)\n1 > Accept-Encoding: gzip,deflate\n\n\n19:58:08.331 response time in milliseconds: 18\n1 < 200\n1 < Content-Type: application\/json\n1 < Transfer-Encoding: chunked\n1 < Date: Wed, 28 Sep 2022 14:28:08 GMT\n1 < Keep-Alive: timeout=60\n1 < Connection: keep-alive\n{\"cwe\":\"89\",\"remediation\":{\"Id\":\"fix_52000\",\"Description\":\"Review possible solutions for hazardous character injection\"},\"cve\":null,\"risks\":[{\"Id\":\"databaseManipulations\",\"Description\":\"It is possible to view, modify or delete database entries and tables\"}],\"invasive\":false,\"name\":\"SQL Injection\",\"articleid\":\"Injection.SQL\",\"id\":\"attSqlInjectionChecks\",\"defaultSeverity\":\"High\",\"category\":{\"Id\":\"catSQLInjection\",\"Description\":\"SQL Injection\"},\"test_type\":\"Application\"}\n","line":10}},{"name":"status 200","result":{"duration":23200,"status":"passed"},"match":{"location":"karate","arguments":[]},"keyword":"Then","line":11},{"name":"def actualresponse = read(\"Data\/Attributes.json\")","result":{"duration":1642700,"status":"passed"},"match":{"location":"karate","arguments":[]},"keyword":"*","line":12},{"name":"print \"File==>\", actualresponse","result":{"duration":983200,"status":"passed"},"match":{"location":"karate","arguments":[]},"keyword":"And","line":13,"doc_string":{"content_type":"","value":"19:58:08.331 [print] File==> {\n  \"cwe\": \"89\",\n  \"remediation\": {\n    \"Id\": \"fix_52000\",\n    \"Description\": \"Review possible solutions for hazardous character injection\"\n  },\n  \"cve\": null,\n  \"risks\": [\n    {\n      \"Id\": \"databaseManipulations\",\n      \"Description\": \"It is possible to view, modify or delete database entries and tables\"\n    }\n  ],\n  \"invasive\": false,\n  \"name\": \"SQL Injection\",\n  \"articleid\": \"Injection.SQL\",\n  \"id\": \"attSqlInjectionChecks\",\n  \"defaultSeverity\": \"High\",\n  \"category\": {\n    \"Id\": \"catSQLInjection\",\n    \"Description\": \"SQL Injection\"\n  },\n  \"test_type\": \"Application\"\n}\n \n","line":13}},{"name":"match response contains deep actualresponse","result":{"duration":217600,"status":"passed"},"match":{"location":"karate","arguments":[]},"keyword":"And","line":14}],"tags":[{"name":"@SmokeTest","line":6}]},{"line":3,"name":"","description":"","type":"background","keyword":"Background","steps":[{"name":"url baseurl + '\/secinfo\/api\/v1\/issuetypes\/attSqlInjectionChecks'","result":{"duration":129200,"status":"passed"},"match":{"location":"karate","arguments":[]},"keyword":"Given","line":4,"doc_string":{"content_type":"","value":"19:58:08.331 karate.env system property was: IPAddress \n","line":4}}]},{"line":32,"name":"Positive:Get a list containing Article id and corresponding name of all articles for locale en","description":"","id":"positive-get-a-list-containing-article-id-and-corresponding-name-of-all-articles-for-locale-en","type":"scenario","keyword":"Scenario Outline","steps":[{"name":"param nl = 'en'","result":{"duration":314000,"status":"passed"},"match":{"location":"karate","arguments":[]},"keyword":"Given","line":20},{"name":"method get","result":{"duration":38017200,"status":"passed"},"match":{"location":"karate","arguments":[]},"keyword":"When","line":21,"doc_string":{"content_type":"","value":"19:58:08.347 request:\n1 > GET http:\/\/localhost:8081\/\/secinfo\/api\/v1\/issuetypes\/attSqlInjectionChecks?nl=en\n1 > Host: localhost:8081\n1 > Connection: Keep-Alive\n1 > User-Agent: Apache-HttpClient\/4.5.13 (Java\/11.0.14.1)\n1 > Accept-Encoding: gzip,deflate\n\n\n19:58:08.378 response time in milliseconds: 31\n1 < 200\n1 < Content-Type: application\/json\n1 < Transfer-Encoding: chunked\n1 < Date: Wed, 28 Sep 2022 14:28:08 GMT\n1 < Keep-Alive: timeout=60\n1 < Connection: keep-alive\n1 < Set-Cookie: org.springframework.web.servlet.i18n.CookieLocaleResolver.LOCALE=en; Domain=localhost\n{\"invasive\":false,\"articleid\":\"Injection.SQL\",\"defaultSeverity\":\"High\",\"test_type\":\"Application\",\"cwe\":\"89\",\"remediation\":{\"Id\":\"fix_52000\",\"Description\":\"Review possible solutions for hazardous character injection\"},\"cve\":null,\"risks\":[{\"Id\":\"databaseManipulations\",\"Description\":\"It is possible to view, modify or delete database entries and tables\"}],\"causes\":[{\"Id\":\"hazardousCharactersNotSanitized\",\"Description\":\"Sanitation of hazardous characters was not performed correctly on user input\"}],\"name\":\"SQL Injection\",\"id\":\"attSqlInjectionChecks\",\"category\":{\"Id\":\"catSQLInjection\",\"Description\":\"SQL Injection\"}}\n","line":21}},{"name":"status 200","result":{"duration":24100,"status":"passed"},"match":{"location":"karate","arguments":[]},"keyword":"Then","line":22},{"name":"print response","result":{"duration":1070700,"status":"passed"},"match":{"location":"karate","arguments":[]},"keyword":"And","line":23,"doc_string":{"content_type":"","value":"19:58:08.378 [print] {\n  \"invasive\": false,\n  \"articleid\": \"Injection.SQL\",\n  \"defaultSeverity\": \"High\",\n  \"test_type\": \"Application\",\n  \"cwe\": \"89\",\n  \"remediation\": {\n    \"Id\": \"fix_52000\",\n    \"Description\": \"Review possible solutions for hazardous character injection\"\n  },\n  \"cve\": null,\n  \"risks\": [\n    {\n      \"Id\": \"databaseManipulations\",\n      \"Description\": \"It is possible to view, modify or delete database entries and tables\"\n    }\n  ],\n  \"causes\": [\n    {\n      \"Id\": \"hazardousCharactersNotSanitized\",\n      \"Description\": \"Sanitation of hazardous characters was not performed correctly on user input\"\n    }\n  ],\n  \"name\": \"SQL Injection\",\n  \"id\": \"attSqlInjectionChecks\",\n  \"category\": {\n    \"Id\": \"catSQLInjection\",\n    \"Description\": \"SQL Injection\"\n  }\n}\n \n","line":23}},{"name":"def actualresponse = read(\"Data\/IssueTypeEn.json\")","result":{"duration":2405200,"status":"passed"},"match":{"location":"karate","arguments":[]},"keyword":"*","line":24},{"name":"print \"File==>\", actualresponse","result":{"duration":395300,"status":"passed"},"match":{"location":"karate","arguments":[]},"keyword":"And","line":25,"doc_string":{"content_type":"","value":"19:58:08.378 [print] File==> {\n  \"invasive\": false,\n  \"articleid\": \"Injection.SQL\",\n  \"defaultSeverity\": \"High\",\n  \"test_type\": \"Application\",\n  \"cwe\": \"89\",\n  \"remediation\": {\n    \"Id\": \"fix_52000\",\n    \"Description\": \"Review possible solutions for hazardous character injection\"\n  },\n  \"cve\": null,\n  \"risks\": [\n    {\n      \"Id\": \"databaseManipulations\",\n      \"Description\": \"It is possible to view, modify or delete database entries and tables\"\n    }\n  ],\n  \"causes\": [\n    {\n      \"Id\": \"hazardousCharactersNotSanitized\",\n      \"Description\": \"Sanitation of hazardous characters was not performed correctly on user input\"\n    }\n  ],\n  \"name\": \"SQL Injection\",\n  \"id\": \"attSqlInjectionChecks\",\n  \"category\": {\n    \"Id\": \"catSQLInjection\",\n    \"Description\": \"SQL Injection\"\n  }\n}\n \n","line":25}},{"name":"match response contains deep actualresponse","result":{"duration":240000,"status":"passed"},"match":{"location":"karate","arguments":[]},"keyword":"And","line":26},{"name":"match header Content-Type == 'application\/json'","result":{"duration":319600,"status":"passed"},"match":{"location":"karate","arguments":[]},"keyword":"And","line":27},{"name":"match header Connection == 'keep-alive'","result":{"duration":92800,"status":"passed"},"match":{"location":"karate","arguments":[]},"keyword":"And","line":28}],"tags":[{"name":"@SmokeTest","line":18}]}],"name":"IssueTypeController\/GetIssueTypesId.feature","description":"Get a list containing Article id and corresponding name of all articles","id":"get-a-list-containing-article-id-and-corresponding-name-of-all-articles","keyword":"Feature","uri":"IssueTypeController\/GetIssueTypesId.feature"}]