[{"line":1,"elements":[{"line":3,"name":"","description":"","type":"background","keyword":"Background","steps":[{"name":"url baseurl +'\/secinfo\/articles\/opensource'","result":{"duration":657700,"status":"passed"},"match":{"location":"karate","arguments":[]},"keyword":"Given","line":4,"doc_string":{"content_type":"","value":"19:58:13.954 karate.env system property was: IPAddress \n","line":4}}]},{"line":7,"name":"Positive:To Get details of Open Source Issue Type article based on the component name","description":"","id":"positive-to-get-details-of-open-source-issue-type-article-based-on-the-component-name","type":"scenario","keyword":"Scenario","steps":[{"name":"def query = {component :'log4j'}","result":{"duration":229200,"status":"passed"},"match":{"location":"karate","arguments":[]},"keyword":"*","line":8},{"name":"params query","result":{"duration":666900,"status":"passed"},"match":{"location":"karate","arguments":[]},"keyword":"Given","line":9},{"name":"method get","result":{"duration":51197300,"status":"passed"},"match":{"location":"karate","arguments":[]},"keyword":"When","line":10,"doc_string":{"content_type":"","value":"19:58:13.954 request:\n1 > GET http:\/\/localhost:8081\/\/secinfo\/articles\/opensource?component=log4j\n1 > Host: localhost:8081\n1 > Connection: Keep-Alive\n1 > User-Agent: Apache-HttpClient\/4.5.13 (Java\/11.0.14.1)\n1 > Accept-Encoding: gzip,deflate\n\n\n19:58:14.001 response time in milliseconds: 47\n1 < 200\n1 < Content-Type: text\/html;charset=UTF-8\n1 < Content-Language: en-US\n1 < Transfer-Encoding: chunked\n1 < Date: Wed, 28 Sep 2022 14:28:13 GMT\n1 < Keep-Alive: timeout=60\n1 < Connection: keep-alive\n<!DOCTYPE html>\r\n<html>\r\n<head>\r\n\t<title>HCL AppScan Security Info<\/title>\r\n\t<link href=\"\/secinfo\/resources\/omnia.css\" rel=\"stylesheet\"\/>\r\n\t\r\n\t\r\n\t\r\n<\/head>\r\n\r\n<body id=\"article_body\">\r\n\t\r\n\r\n\t\r\n\t\r\n\t\t\r\n\t\t\t\r\n\t\t\t\t\r\n\t\t\t\t\r\n\t\t\t\t\r\n\t\t\t\t<h1 id=\"article_heading\">Vulnerable Open Source Component<\/h1>\r\n\t\t\t\r\n\t\t\r\n\t\r\n\r\n\t\r\n\r\n\t\r\n\r\n\t\r\n\t\r\n\r\n\t\r\n\r\n\t\r\n\t\t<div class=\"sectionHead\" onclick=\"showHideSection(this)\">\r\n\t\t\t\r\n\t\t\t\t\r\n\t\t\t\t<h5>Cause<\/h5>\r\n\t\t\t\r\n\t\t<\/div>\r\n\t\t<div class=\"sectionContent\">\r\n\t\t\t<p>A vulnerable version of third party software component is installed in the tested application.<\/p>\r\n\t\t\t\r\n\t\t\t\t<p><span >Component<\/span>: <b >log4j<\/b><\/p>\r\n\t\t\t\r\n\t\t<\/div>\r\n\t\r\n\r\n\t<div class=\"sectionHead\" onclick=\"showHideSection(this)\">\r\n\t\t\r\n\t\t\t\r\n\t\t\t<h5>Risk<\/h5>\r\n\t\t\r\n\t<\/div>\r\n\t<div class=\"sectionContent\">\r\n\t\t<p>A vulnerable third party software component may introduce all manner of vulnerabilities into the application<\/p>\r\n\t<\/div>\r\n\r\n\t\r\n\t\r\n\r\n\t\r\n\t\r\n\r\n\t\r\n\r\n\t<div class=\"sectionHead\" onclick=\"showHideSection(this)\">\r\n\t\t\r\n\t\t\t\r\n\t\t\t<h5>Fix recommendation<\/h5>\r\n\t\t\r\n\t<\/div>\r\n\t<div class=\"sectionContent\">\r\n\t\t<p>Upgrade to the latest version of the third party software component. We highly recommend contacting the vendor of this product to see if a patch or fix has recently been made available.<\/p>\r\n\t\t\r\n\t\t\t<p><span >Known patches<\/span>: <b >log4j<\/b><\/p>\r\n\t\t\r\n\t<\/div>\r\n\r\n\t\r\n\t\t<div class=\"sectionHead\" onclick=\"showHideSection(this)\">\r\n\t\t\t\r\n\t\t\t\t\r\n\t\t\t\t<h5>CWE<\/h5>\r\n\t\t\t\r\n\t\t<\/div>\r\n\t\t<div class=\"sectionContent\">\r\n\t\t\t<ul><li><a href=\"https:\/\/cwe.mitre.org\/data\/definitions\/829.html\" rel=\"noopener noreferrer\" target=\"_blank\" onClick=\"postUrlMessaage(this)\">829<\/a><\/li><\/ul>\r\n\t\t<\/div>\r\n\t\r\n\r\n\t\r\n\t\r\n\r\n\t<div class=\"sectionHead\" onclick=\"showHideSection(this)\">\r\n\t\t\r\n\t\t\t\r\n\t\t\t<h5>External references<\/h5>\r\n\t\t\r\n\t<\/div>\r\n\t<div class=\"sectionContent\">\r\n\t\t<p>\r\n\t\t\t<a href=\"http:\/\/www.cert.org\" rel=\"noopener noreferrer\" target=\"_blank\" onClick=\"postUrlMessaage(this)\">CERT coordination center<\/a>\r\n\t\t<\/p>\r\n\t\t<p>\r\n\t\t\t<a href=\"https:\/\/www.cve.org\" rel=\"noopener noreferrer\" target=\"_blank\" onClick=\"postUrlMessaage(this)\">Common Vulnerabilities and Exposures (CVE)<\/a>\r\n\t\t<\/p>\r\n\t<\/div>\r\n\r\n\t<a onclick=\"document.body.scrollTop=0;document.documentElement.scrollTop=0;event.preventDefault()\" id=\"backToTop\"> <span class=\"label\">Back to top<\/span><\/a>\r\n\t<br \/><br \/>\r\n\r\n\t<div class=\"footer\">\r\n\t\t<p><span>Copyright &copy; 2021, 2022 HCL Technologies Limited<\/span> | <a href=\"https:\/\/www.hcltechsw.com\/wps\/portal\/legal\/disclaimer\" rel=\"noopener noreferrer\" target=\"_blank\"  onClick=\"postUrlMessaage(this)\"><span>Disclaimer<\/span><\/a><\/p>\r\n\t<\/div>\r\n\r\n\t<script src=\"\/secinfo\/resources\/omnia.js\" ><\/script>\r\n\t\r\n\t\r\n\t<script>\r\n\t\ton_resize(function() {\r\n\t\t\tadjustTextSection();\r\n\t\t});\r\n\t<\/script>\r\n<\/body>\r\n<\/html>\n","line":10}},{"name":"status 200","result":{"duration":14100,"status":"passed"},"match":{"location":"karate","arguments":[]},"keyword":"Then","line":11},{"name":"match header Connection == 'keep-alive'","result":{"duration":118800,"status":"passed"},"match":{"location":"karate","arguments":[]},"keyword":"And","line":12}],"tags":[{"name":"@SmokeTest","line":6}]},{"line":3,"name":"","description":"","type":"background","keyword":"Background","steps":[{"name":"url baseurl +'\/secinfo\/articles\/opensource'","result":{"duration":70200,"status":"passed"},"match":{"location":"karate","arguments":[]},"keyword":"Given","line":4,"doc_string":{"content_type":"","value":"19:58:14.001 karate.env system property was: IPAddress \n","line":4}}]},{"line":15,"name":"Positive:To Get details of Open Source Issue Type article based on the component name and  parameters","description":"","id":"positive-to-get-details-of-open-source-issue-type-article-based-on-the-component-name-and--parameters","type":"scenario","keyword":"Scenario","steps":[{"name":"def query = {component :'log4j', current_version :'1.8', fixed_version :'1.9', hidetitle :'true', mode :'light', nl :'en'}","result":{"duration":205500,"status":"passed"},"match":{"location":"karate","arguments":[]},"keyword":"*","line":16},{"name":"params query","result":{"duration":209400,"status":"passed"},"match":{"location":"karate","arguments":[]},"keyword":"Given","line":17},{"name":"method get","result":{"duration":58451400,"status":"passed"},"match":{"location":"karate","arguments":[]},"keyword":"When","line":18,"doc_string":{"content_type":"","value":"19:58:14.001 request:\n1 > GET http:\/\/localhost:8081\/\/secinfo\/articles\/opensource?mode=light&component=log4j&fixed_version=1.9&hidetitle=true&current_version=1.8&nl=en\n1 > Host: localhost:8081\n1 > Connection: Keep-Alive\n1 > User-Agent: Apache-HttpClient\/4.5.13 (Java\/11.0.14.1)\n1 > Accept-Encoding: gzip,deflate\n\n\n19:58:14.063 response time in milliseconds: 62\n1 < 200\n1 < Content-Type: text\/html;charset=UTF-8\n1 < Content-Language: en\n1 < Transfer-Encoding: chunked\n1 < Date: Wed, 28 Sep 2022 14:28:13 GMT\n1 < Keep-Alive: timeout=60\n1 < Connection: keep-alive\n1 < Set-Cookie: org.springframework.web.servlet.i18n.CookieLocaleResolver.LOCALE=en; Domain=localhost\n1 < Set-Cookie: org.springframework.web.servlet.theme.CookieThemeResolver.THEME=light; Domain=localhost\n<!DOCTYPE html>\r\n<html>\r\n<head>\r\n\t<title>HCL AppScan Security Info<\/title>\r\n\t<link href=\"\/secinfo\/resources\/omnia.css\" rel=\"stylesheet\"\/>\r\n\t\r\n\t\r\n\t\r\n<\/head>\r\n\r\n<body id=\"article_body\">\r\n\t\r\n\r\n\t\r\n\t\r\n\t\t\r\n\t\r\n\r\n\t\r\n\r\n\t\r\n\r\n\t\r\n\t\r\n\r\n\t\r\n\r\n\t\r\n\t\t<div class=\"sectionHead\" onclick=\"showHideSection(this)\">\r\n\t\t\t\r\n\t\t\t\t\r\n\t\t\t\t<h5>Cause<\/h5>\r\n\t\t\t\r\n\t\t<\/div>\r\n\t\t<div class=\"sectionContent\">\r\n\t\t\t<p>A vulnerable version of third party software component is installed in the tested application.<\/p>\r\n\t\t\t\r\n\t\t\t\t<p><span >Component<\/span>: <b >log4j, 1.8<\/b><\/p>\r\n\t\t\t\r\n\t\t<\/div>\r\n\t\r\n\r\n\t<div class=\"sectionHead\" onclick=\"showHideSection(this)\">\r\n\t\t\r\n\t\t\t\r\n\t\t\t<h5>Risk<\/h5>\r\n\t\t\r\n\t<\/div>\r\n\t<div class=\"sectionContent\">\r\n\t\t<p>A vulnerable third party software component may introduce all manner of vulnerabilities into the application<\/p>\r\n\t<\/div>\r\n\r\n\t\r\n\t\r\n\r\n\t\r\n\t\r\n\r\n\t\r\n\r\n\t<div class=\"sectionHead\" onclick=\"showHideSection(this)\">\r\n\t\t\r\n\t\t\t\r\n\t\t\t<h5>Fix recommendation<\/h5>\r\n\t\t\r\n\t<\/div>\r\n\t<div class=\"sectionContent\">\r\n\t\t<p>Upgrade to the latest version of the third party software component. We highly recommend contacting the vendor of this product to see if a patch or fix has recently been made available.<\/p>\r\n\t\t\r\n\t\t\t<p><span >Known patches<\/span>: <b >log4j, 1.9<\/b><\/p>\r\n\t\t\r\n\t<\/div>\r\n\r\n\t\r\n\t\t<div class=\"sectionHead\" onclick=\"showHideSection(this)\">\r\n\t\t\t\r\n\t\t\t\t\r\n\t\t\t\t<h5>CWE<\/h5>\r\n\t\t\t\r\n\t\t<\/div>\r\n\t\t<div class=\"sectionContent\">\r\n\t\t\t<ul><li><a href=\"https:\/\/cwe.mitre.org\/data\/definitions\/829.html\" rel=\"noopener noreferrer\" target=\"_blank\" onClick=\"postUrlMessaage(this)\">829<\/a><\/li><\/ul>\r\n\t\t<\/div>\r\n\t\r\n\r\n\t\r\n\t\r\n\r\n\t<div class=\"sectionHead\" onclick=\"showHideSection(this)\">\r\n\t\t\r\n\t\t\t\r\n\t\t\t<h5>External references<\/h5>\r\n\t\t\r\n\t<\/div>\r\n\t<div class=\"sectionContent\">\r\n\t\t<p>\r\n\t\t\t<a href=\"http:\/\/www.cert.org\" rel=\"noopener noreferrer\" target=\"_blank\" onClick=\"postUrlMessaage(this)\">CERT coordination center<\/a>\r\n\t\t<\/p>\r\n\t\t<p>\r\n\t\t\t<a href=\"https:\/\/www.cve.org\" rel=\"noopener noreferrer\" target=\"_blank\" onClick=\"postUrlMessaage(this)\">Common Vulnerabilities and Exposures (CVE)<\/a>\r\n\t\t<\/p>\r\n\t<\/div>\r\n\r\n\t<a onclick=\"document.body.scrollTop=0;document.documentElement.scrollTop=0;event.preventDefault()\" id=\"backToTop\"> <span class=\"label\">Back to top<\/span><\/a>\r\n\t<br \/><br \/>\r\n\r\n\t<div class=\"footer\">\r\n\t\t<p><span>Copyright &copy; 2021, 2022 HCL Technologies Limited<\/span> | <a href=\"https:\/\/www.hcltechsw.com\/wps\/portal\/legal\/disclaimer\" rel=\"noopener noreferrer\" target=\"_blank\"  onClick=\"postUrlMessaage(this)\"><span>Disclaimer<\/span><\/a><\/p>\r\n\t<\/div>\r\n\r\n\t<script src=\"\/secinfo\/resources\/omnia.js\" ><\/script>\r\n\t\r\n\t\r\n\t<script>\r\n\t\ton_resize(function() {\r\n\t\t\tadjustTextSection();\r\n\t\t});\r\n\t<\/script>\r\n<\/body>\r\n<\/html>\n","line":18}},{"name":"status 200","result":{"duration":25500,"status":"passed"},"match":{"location":"karate","arguments":[]},"keyword":"Then","line":19},{"name":"match header Connection == 'keep-alive'","result":{"duration":126600,"status":"passed"},"match":{"location":"karate","arguments":[]},"keyword":"And","line":20}],"tags":[{"name":"@SmokeTest","line":14}]}],"name":"WebController\/GetArticlesOpenSource.feature","description":"Get a Open Source Issue Type article","id":"get-a-open-source-issue-type-article","keyword":"Feature","uri":"WebController\/GetArticlesOpenSource.feature"}]