[{"line":1,"elements":[{"line":3,"name":"","description":"","type":"background","keyword":"Background","steps":[{"name":"url baseurl +'\/secinfo\/preview_articles'","result":{"duration":468700,"status":"passed"},"match":{"location":"karate","arguments":[]},"keyword":"Given","line":4,"doc_string":{"content_type":"","value":"19:58:15.954 karate.env system property was: IPAddress \n","line":4}}]},{"line":10,"name":"Get Preview HTML Page","description":"","id":"get-preview-html-page","type":"scenario","keyword":"Scenario","steps":[{"name":"def query = {id :'CrossSiteScripting', language :'Java', api :'JSP JspWriter'}","result":{"duration":509900,"status":"passed"},"match":{"location":"karate","arguments":[]},"keyword":"*","line":11},{"name":"params query","result":{"duration":135000,"status":"passed"},"match":{"location":"karate","arguments":[]},"keyword":"Given","line":12},{"name":"method get","result":{"duration":50145900,"status":"passed"},"match":{"location":"karate","arguments":[]},"keyword":"When","line":13,"doc_string":{"content_type":"","value":"19:58:15.970 request:\n1 > GET http:\/\/localhost:8081\/\/secinfo\/preview_articles?language=Java&id=CrossSiteScripting&api=JSP+JspWriter\n1 > Host: localhost:8081\n1 > Connection: Keep-Alive\n1 > User-Agent: Apache-HttpClient\/4.5.13 (Java\/11.0.14.1)\n1 > Accept-Encoding: gzip,deflate\n\n\n19:58:16.017 response time in milliseconds: 47\n1 < 200\n1 < Content-Type: text\/html;charset=UTF-8\n1 < Content-Language: en-US\n1 < Transfer-Encoding: chunked\n1 < Date: Wed, 28 Sep 2022 14:28:15 GMT\n1 < Keep-Alive: timeout=60\n1 < Connection: keep-alive\n<!DOCTYPE html>\r\n<html>\r\n<head>\r\n\t<title>HCL AppScan Security Info<\/title>\r\n\t<link href=\"\/secinfo\/resources\/omnia.css\" rel=\"stylesheet\"\/>\r\n\t\r\n\t\r\n\t\r\n<\/head>\r\n\r\n<body id=\"article_body\">\r\n\t<div id=\"apiTitle\">\r\n\t\t\r\n\t\t\t\r\n\t\t\t\t\r\n\t\t\t\t\r\n\t\t\t\t\r\n\t\t\t\t<h1 id=\"article_heading\">Cross-Site Scripting<\/h1>\r\n\t\t\t\r\n\t\t\r\n\t\t<div id=\"apiBreadCrumb\">\r\n\t\t\t<a href=\"?id=CrossSiteScripting\">Issue overview<\/a>\r\n\t\t\t<a href=\"?id=CrossSiteScripting&amp;language=Java\">Java<\/a>\r\n\t\t\t<a href=\"\" class=\"current\">JSP JspWriter<\/a>\r\n\t\t<\/div>\r\n\t<\/div>\r\n\r\n\t\r\n\t\t\r\n\t\t\t\r\n\t\t\t\r\n\t\t\t<h3 id=\"api_heading\">JSP JspWriter<\/h3>\r\n\t\t\r\n\t\r\n\t\r\n\r\n\t\r\n\r\n\t\r\n\r\n\t\r\n\t\r\n\r\n\t<div class=\"apis\">\r\n\t\t<table class=\"codeHeader\"><tbody><tr><td>APIs<\/td><td><\/td><\/tr><\/tbody><\/table>\r\n\t\t<pre><code>javax.servlet.jsp.JspWriter.println(java.lang.String):void\n<\/code><code>javax.servlet.jsp.JspWriter.print(java.lang.String):void\n<\/code><\/pre>\r\n\t<\/div>\r\n\r\n\t\r\n\t\t<div class=\"sectionHead\" onclick=\"showHideSection(this)\">\r\n\t\t\t\r\n\t\t\t\t\r\n\t\t\t\t<h5>Cause<\/h5>\r\n\t\t\t\r\n\t\t<\/div>\r\n\t\t<div class=\"sectionContent\">\r\n\t\t\t<p>The javax.servlet.jsp.JspWriter class writes HTML pages to a user&#39;s browser. This class is generally not used directly in a normal Java file. Instead, it is primarily found in the Java files precompiled from JSP pages on a JSP server.<\/p>\r\n\t\t\t<p>These JspWriter APIs write a string to the HTML page. If the string is a static string or comes from trusted sources, this is not a problem. However, if the string comes from user input or other untrusted sources, an attacker can introduce malicious scripts, such as JavaScripts, into the output HTML page. When viewed, these scripts will be interpreted by a scripting-enabled web browser and run with the viewing user&#39;s security context for communicating with the originating web site, resulting in XSS attacks.<\/p>\r\n\t\t\t\r\n\t\t<\/div>\r\n\t\r\n\r\n\t\r\n\t\r\n\r\n\t\r\n\t\r\n\r\n\t<div class=\"sectionHead\" onclick=\"showHideSection(this)\">\r\n\t\t\r\n\t\t\t\r\n\t\t\t<h5>Code samples<\/h5>\r\n\t\t\r\n\t<\/div>\r\n\t<div class=\"sectionContent\">\r\n\t\t\r\n\t\t\t<p>Printing the user provided name in the resulting welcome page<\/p>\r\n\t\t\t<table class=\"codeHeader\"><tbody><tr><td>Example<\/td><td>Code<\/td><\/tr><\/tbody><\/table>\r\n\t\t\t<pre><span class=\"line-number\"><span>1<\/span><span>2<\/span><span>3<\/span><\/span><code>&lt;html&gt; Welcome\n&lt;%= request.getParameter(&quot;name&quot;)%&gt;\n&lt;\/html&gt;\n<\/code><\/pre>\r\n\t\t\r\n\t\t\t<p>The welcome.jsp page will be converted to the following Java file on the JSP server.<\/p>\r\n\t\t\t<table class=\"codeHeader\"><tbody><tr><td>Example<\/td><td>Code<\/td><\/tr><\/tbody><\/table>\r\n\t\t\t<pre><span class=\"line-number\"><span>1<\/span><span>2<\/span><span>3<\/span><span>4<\/span><span>5<\/span><span>6<\/span><span>7<\/span><span>8<\/span><span>9<\/span><span>10<\/span><span>11<\/span><span>12<\/span><span>13<\/span><\/span><code>class welcome_jsp implements javax.servlet.Servlet, javax.servlet.jsp.HttpJspPage {\n     public void _jspService( javax.servlet.http.HttpServletRequest request, javax.servlet.http.HttpServletResponse response )\n       throws javax.servlet.ServletException, java.io.IOException\n     {\n         PageContext pageContext = ...;\/\/get the page context for this request\n         javax.servlet.jsp.JspWriter out = pageContext.getOut();\n         String name = request.getParameter( &quot;name&quot; );\n         out.println(&quot;&lt;html&gt; Welcome&quot;);\n         \/\/Write the name without validation, potential XSS\n         out.println( name );\n         out.println(&quot;&lt;\/html&gt;&quot;);\n    }\n}\n<\/code><\/pre>\r\n\t\t\r\n\t\t\t<p>Encode all untrusted data<\/p>\r\n\t\t\t<table class=\"codeHeader\"><tbody><tr><td>Example<\/td><td>Code<\/td><\/tr><\/tbody><\/table>\r\n\t\t\t<pre><span class=\"line-number\"><span>1<\/span><span>2<\/span><span>3<\/span><span>4<\/span><span>5<\/span><span>6<\/span><span>7<\/span><span>8<\/span><span>9<\/span><span>10<\/span><span>11<\/span><\/span><code>&lt;html&gt;\n&lt;%\n      name = request.getParameter(&quot;name&quot;);\n      if ( Validator.validate(name) )\n      {\n%&gt;\nWelcome &lt;%= HTMLEntityEncoder.encode(name) %&gt;\n&lt;%\n       }\n%&gt; \n&lt;\/html&gt;\n<\/code><\/pre>\r\n\t\t\r\n\t<\/div>\r\n\r\n\t\r\n\r\n\t\r\n\t\r\n\r\n\t\r\n\r\n\t<div class=\"sectionHead\" onclick=\"showHideSection(this)\">\r\n\t\t\r\n\t\t\t\r\n\t\t\t<h5>Related articles<\/h5>\r\n\t\t\r\n\t<\/div>\r\n\t<div class=\"sectionContent\">\r\n\t\t<p>\r\n\t\t\t<a href=\"?id=CrossSiteScripting&amp;language=Java&amp;api=1f41b9d4\">Exception StackTrace Handling - CrossSiteScripting<\/a>\r\n\t\t<\/p>\r\n\t<\/div>\r\n\r\n\t<div class=\"sectionHead\" onclick=\"showHideSection(this)\">\r\n\t\t\r\n\t\t\t\r\n\t\t\t<h5>External references<\/h5>\r\n\t\t\r\n\t<\/div>\r\n\t<div class=\"sectionContent\">\r\n\t\t<p>\r\n\t\t\t<a href=\"https:\/\/owasp.org\/www-community\/attacks\/xss\/\" rel=\"noopener noreferrer\" target=\"_blank\" onClick=\"postUrlMessaage(this)\">Cross-site Scripting (XSS)<\/a>\r\n\t\t<\/p>\r\n\t\t<p>\r\n\t\t\t<a href=\"https:\/\/cheatsheetseries.owasp.org\/cheatsheets\/Cross_Site_Scripting_Prevention_Cheat_Sheet.html\" rel=\"noopener noreferrer\" target=\"_blank\" onClick=\"postUrlMessaage(this)\">OWASP XSS Cheat Sheet<\/a>\r\n\t\t<\/p>\r\n\t<\/div>\r\n\r\n\t<a onclick=\"document.body.scrollTop=0;document.documentElement.scrollTop=0;event.preventDefault()\" id=\"backToTop\"> <span class=\"label\">Back to top<\/span><\/a>\r\n\t<br \/><br \/>\r\n\r\n\t<div class=\"footer\">\r\n\t\t<p><span>Copyright &copy; 2021, 2022 HCL Technologies Limited<\/span> | <a href=\"https:\/\/www.hcltechsw.com\/wps\/portal\/legal\/disclaimer\" rel=\"noopener noreferrer\" target=\"_blank\"  onClick=\"postUrlMessaage(this)\"><span>Disclaimer<\/span><\/a><\/p>\r\n\t<\/div>\r\n\r\n\t<script src=\"\/secinfo\/resources\/omnia.js\" ><\/script>\r\n\t\r\n\t\r\n\t<script>\r\n\t\ton_resize(function() {\r\n\t\t\tadjustTextSection();\r\n\t\t});\r\n\t<\/script>\r\n<\/body>\r\n<\/html>\n","line":13}},{"name":"status 200","result":{"duration":27000,"status":"passed"},"match":{"location":"karate","arguments":[]},"keyword":"Then","line":14}],"tags":[{"name":"@SmokeTest","line":9}]}],"name":"WebEditorController\/GetPreviewArticles.feature","description":"Dispaly Preview HTML Page","id":"dispaly-preview-html-page","keyword":"Feature","uri":"WebEditorController\/GetPreviewArticles.feature"}]