[{"line":1,"elements":[{"line":3,"name":"","description":"","type":"background","keyword":"Background","steps":[{"name":"url baseurl +'\/secinfo\/editor'","result":{"duration":440400,"status":"passed"},"match":{"location":"karate","arguments":[]},"keyword":"Given","line":4,"doc_string":{"content_type":"","value":"19:58:15.470 karate.env system property was: IPAddress \n","line":4}}]},{"line":9,"name":"Positive: To Get Editor Page","description":"","id":"positive--to-get-editor-page","type":"scenario","keyword":"Scenario","steps":[{"name":"method get","result":{"duration":433383500,"status":"passed"},"match":{"location":"karate","arguments":[]},"keyword":"Given","line":10,"doc_string":{"content_type":"","value":"19:58:15.485 request:\n1 > GET http:\/\/localhost:8081\/\/secinfo\/editor\n1 > Host: localhost:8081\n1 > Connection: Keep-Alive\n1 > User-Agent: Apache-HttpClient\/4.5.13 (Java\/11.0.14.1)\n1 > Accept-Encoding: gzip,deflate\n\n\n19:58:15.485 request:\n2 > GET http:\/\/localhost:8081\/\/secinfo\/editor\n2 > Host: localhost:8081\n2 > Connection: Keep-Alive\n2 > User-Agent: Apache-HttpClient\/4.5.13 (Java\/11.0.14.1)\n2 > Accept-Encoding: gzip,deflate\n\n\n19:58:15.907 response time in milliseconds: 422\n2 < 200\n2 < Vary: Origin\n2 < Vary: Access-Control-Request-Method\n2 < Vary: Access-Control-Request-Headers\n2 < Last-Modified: Wed, 28 Sep 2022 14:21:31 GMT\n2 < Accept-Ranges: bytes\n2 < Content-Type: text\/html;charset=UTF-8\n2 < Content-Language: en-US\n2 < Content-Length: 2405\n2 < Date: Wed, 28 Sep 2022 14:28:15 GMT\n2 < Keep-Alive: timeout=60\n2 < Connection: keep-alive\n<!doctype html><html lang=\"en\"><head><meta charset=\"utf-8\"\/><link rel=\"icon\" href=\"\/secinfo\/appscanlogo.png\"\/><meta name=\"viewport\" content=\"width=device-width,initial-scale=1\"\/><meta name=\"theme-color\" content=\"#000000\"\/><meta name=\"description\" content=\"Web site created using create-react-app\"\/><link rel=\"apple-touch-icon\" href=\"\/secinfo\/appscanlogo.png\"\/><link rel=\"manifest\" href=\"\/secinfo\/manifest.json\"\/><title>HCL AppScan Security Info<\/title><link href=\"\/secinfo\/static\/css\/2.7d91f3e3.chunk.css\" rel=\"stylesheet\"><link href=\"\/secinfo\/static\/css\/main.a3118dcd.chunk.css\" rel=\"stylesheet\"><\/head><body class=\"blue_active_blue_light\"><noscript>You need to enable JavaScript to run this app.<\/noscript><div id=\"root\"><\/div><script>!function(e){function r(r){for(var n,i,l=r[0],a=r[1],f=r[2],c=0,s=[];c<l.length;c++)i=l[c],Object.prototype.hasOwnProperty.call(o,i)&&o[i]&&s.push(o[i][0]),o[i]=0;for(n in a)Object.prototype.hasOwnProperty.call(a,n)&&(e[n]=a[n]);for(p&&p(r);s.length;)s.shift()();return u.push.apply(u,f||[]),t()}function t(){for(var e,r=0;r<u.length;r++){for(var t=u[r],n=!0,l=1;l<t.length;l++){var a=t[l];0!==o[a]&&(n=!1)}n&&(u.splice(r--,1),e=i(i.s=t[0]))}return e}var n={},o={1:0},u=[];function i(r){if(n[r])return n[r].exports;var t=n[r]={i:r,l:!1,exports:{}};return e[r].call(t.exports,t,t.exports,i),t.l=!0,t.exports}i.m=e,i.c=n,i.d=function(e,r,t){i.o(e,r)||Object.defineProperty(e,r,{enumerable:!0,get:t})},i.r=function(e){\"undefined\"!=typeof Symbol&&Symbol.toStringTag&&Object.defineProperty(e,Symbol.toStringTag,{value:\"Module\"}),Object.defineProperty(e,\"__esModule\",{value:!0})},i.t=function(e,r){if(1&r&&(e=i(e)),8&r)return e;if(4&r&&\"object\"==typeof e&&e&&e.__esModule)return e;var t=Object.create(null);if(i.r(t),Object.defineProperty(t,\"default\",{enumerable:!0,value:e}),2&r&&\"string\"!=typeof e)for(var n in e)i.d(t,n,function(r){return e[r]}.bind(null,n));return t},i.n=function(e){var r=e&&e.__esModule?function(){return e.default}:function(){return e};return i.d(r,\"a\",r),r},i.o=function(e,r){return Object.prototype.hasOwnProperty.call(e,r)},i.p=\"\/secinfo\/\";var l=this[\"webpackJsonpomnia-ui\"]=this[\"webpackJsonpomnia-ui\"]||[],a=l.push.bind(l);l.push=r,l=l.slice();for(var f=0;f<l.length;f++)r(l[f]);var p=a;t()}([])<\/script><script src=\"\/secinfo\/static\/js\/2.b8cc34bb.chunk.js\"><\/script><script src=\"\/secinfo\/static\/js\/main.9c595632.chunk.js\"><\/script><\/body><\/html>\n","line":10}},{"name":"status 200","result":{"duration":30300,"status":"passed"},"match":{"location":"karate","arguments":[]},"keyword":"When","line":11},{"name":"print response","result":{"duration":2806400,"status":"passed"},"match":{"location":"karate","arguments":[]},"keyword":"Then","line":12,"doc_string":{"content_type":"","value":"19:58:15.907 [print] <!doctype html><html lang=\"en\"><head><meta charset=\"utf-8\"\/><link rel=\"icon\" href=\"\/secinfo\/appscanlogo.png\"\/><meta name=\"viewport\" content=\"width=device-width,initial-scale=1\"\/><meta name=\"theme-color\" content=\"#000000\"\/><meta name=\"description\" content=\"Web site created using create-react-app\"\/><link rel=\"apple-touch-icon\" href=\"\/secinfo\/appscanlogo.png\"\/><link rel=\"manifest\" href=\"\/secinfo\/manifest.json\"\/><title>HCL AppScan Security Info<\/title><link href=\"\/secinfo\/static\/css\/2.7d91f3e3.chunk.css\" rel=\"stylesheet\"><link href=\"\/secinfo\/static\/css\/main.a3118dcd.chunk.css\" rel=\"stylesheet\"><\/head><body class=\"blue_active_blue_light\"><noscript>You need to enable JavaScript to run this app.<\/noscript><div id=\"root\"><\/div><script>!function(e){function r(r){for(var n,i,l=r[0],a=r[1],f=r[2],c=0,s=[];c<l.length;c++)i=l[c],Object.prototype.hasOwnProperty.call(o,i)&&o[i]&&s.push(o[i][0]),o[i]=0;for(n in a)Object.prototype.hasOwnProperty.call(a,n)&&(e[n]=a[n]);for(p&&p(r);s.length;)s.shift()();return u.push.apply(u,f||[]),t()}function t(){for(var e,r=0;r<u.length;r++){for(var t=u[r],n=!0,l=1;l<t.length;l++){var a=t[l];0!==o[a]&&(n=!1)}n&&(u.splice(r--,1),e=i(i.s=t[0]))}return e}var n={},o={1:0},u=[];function i(r){if(n[r])return n[r].exports;var t=n[r]={i:r,l:!1,exports:{}};return e[r].call(t.exports,t,t.exports,i),t.l=!0,t.exports}i.m=e,i.c=n,i.d=function(e,r,t){i.o(e,r)||Object.defineProperty(e,r,{enumerable:!0,get:t})},i.r=function(e){\"undefined\"!=typeof Symbol&&Symbol.toStringTag&&Object.defineProperty(e,Symbol.toStringTag,{value:\"Module\"}),Object.defineProperty(e,\"__esModule\",{value:!0})},i.t=function(e,r){if(1&r&&(e=i(e)),8&r)return e;if(4&r&&\"object\"==typeof e&&e&&e.__esModule)return e;var t=Object.create(null);if(i.r(t),Object.defineProperty(t,\"default\",{enumerable:!0,value:e}),2&r&&\"string\"!=typeof e)for(var n in e)i.d(t,n,function(r){return e[r]}.bind(null,n));return t},i.n=function(e){var r=e&&e.__esModule?function(){return e.default}:function(){return e};return i.d(r,\"a\",r),r},i.o=function(e,r){return Object.prototype.hasOwnProperty.call(e,r)},i.p=\"\/secinfo\/\";var l=this[\"webpackJsonpomnia-ui\"]=this[\"webpackJsonpomnia-ui\"]||[],a=l.push.bind(l);l.push=r,l=l.slice();for(var f=0;f<l.length;f++)r(l[f]);var p=a;t()}([])<\/script><script src=\"\/secinfo\/static\/js\/2.b8cc34bb.chunk.js\"><\/script><script src=\"\/secinfo\/static\/js\/main.9c595632.chunk.js\"><\/script><\/body><\/html> \n","line":12}},{"name":"match header content-language == 'en-US'","result":{"duration":419800,"status":"passed"},"match":{"location":"karate","arguments":[]},"keyword":"And","line":13},{"name":"match header Connection == 'keep-alive'","result":{"duration":201700,"status":"passed"},"match":{"location":"karate","arguments":[]},"keyword":"And","line":14}],"tags":[{"name":"@SmokeTest","line":8}]}],"name":"WebEditorController\/GetEditor.feature","description":"Get Editor Page","id":"get-editor-page","keyword":"Feature","uri":"WebEditorController\/GetEditor.feature"}]